,car,body,mileage,engV,engType,registration,year,drive
4768,27,2,350,1.8,3,1,1990,0
7720,26,1,140,1.7,1,1,2007,0
4300,29,3,285,1.6,3,1,2001,0
8408,12,5,110,1.9,0,1,2008,0
2919,43,3,330,2.8,1,1,1994,0
6155,43,1,140,1.4,3,0,2002,0
8297,14,3,25,2.4,3,1,2008,2
7938,17,0,22,2.0,3,1,2011,1
8559,43,3,240,1.6,3,1,2010,0
3246,42,4,90,1.6,3,1,2007,0
6052,16,1,300,1.5,3,1,1987,0
6377,26,5,300,2.2,0,1,2007,2
7855,31,1,216,1.1,3,1,2005,0
2777,21,0,129,2.0,1,1,2006,0
505,43,0,30,3.0,0,1,2015,1
6859,33,4,200,1.5,0,1,2008,0
2751,17,2,72,2.0,3,1,2008,0
8522,13,2,77,1.6,3,1,2012,0
3086,43,5,237,2.0,0,1,2010,0
267,13,1,71,1.6,1,1,2013,0
5030,22,0,38,2.2,0,1,2013,1
2042,21,0,114,2.5,0,1,2008,1
2966,3,4,254,2.8,1,0,1997,2
1874,40,0,152,4.0,1,1,2008,1
5663,33,0,0,1.5,0,1,2016,1
538,35,4,175,1.4,3,1,2004,0
500,33,5,73,1.5,0,1,2008,0
596,17,0,78,2.0,3,1,2009,1
1883,25,4,250,2.0,0,0,2000,0
1168,23,0,180,3.5,1,1,2006,1
7933,42,3,87,1.6,3,1,2008,0
818,17,0,1,2.0,3,1,2016,1
4081,27,1,65,1.3,3,1,2010,0
514,2,4,270,2.5,0,0,2001,0
8517,40,3,179,2.4,3,1,2006,0
2588,2,3,167,3.0,3,1,2009,1
8161,3,0,10,2.0,0,1,2016,1
1951,40,0,184,2.7,1,1,2005,1
4253,40,3,154,1.6,1,1,2008,0
2136,30,2,37,6.0,3,1,2006,2
4154,43,1,300,1.9,0,0,1999,0
8843,40,0,115,2.0,3,1,2007,1
7858,23,3,150,4.6,3,1,2007,2
5544,3,3,134,2.0,0,1,2010,2
8798,23,3,7,2.5,3,1,2014,2
3823,31,2,126,1.6,0,1,2012,0
4576,29,5,164,2.0,0,1,2011,0
7098,43,0,249,5.0,0,1,2005,1
1047,27,0,187,2.4,1,1,2008,1
4027,43,5,312,2.5,0,1,2000,1
6460,35,3,102,1.8,3,1,2013,0
7303,40,0,144,4.0,1,1,2008,1
6897,17,2,82,2.0,1,1,2008,0
5044,17,3,82,1.4,1,1,2009,0
6208,10,3,46,1.5,1,1,2013,0
5621,42,0,1,1.7,3,1,1979,1
5701,2,3,340,2.6,1,1,1997,0
3431,42,3,73,1.6,3,1,2011,0
8374,29,2,250,2.0,3,1,1992,0
5709,3,3,80,2.0,3,1,2012,2
4911,12,4,154,1.3,0,1,2009,0
8816,33,5,106,2.0,0,1,2013,0
4628,13,0,0,2.0,0,1,2016,1
6161,18,0,118,3.5,3,1,2005,1
1433,32,0,97,4.5,3,1,2004,1
1712,35,1,198,1.6,1,1,2007,0
7016,37,0,100,2.7,0,1,2010,1
5261,42,1,54,1.1,1,1,1992,0
5092,13,3,65,2.3,3,1,2009,0
7808,38,0,86,2.5,3,1,2006,1
5338,3,0,19,2.5,0,1,2015,1
5105,43,5,283,2.5,0,1,2005,0
1516,43,5,240,1.9,0,1,2003,0
4728,6,3,212,2.0,1,1,2005,0
8396,10,3,300,2.0,1,1,2003,0
2457,43,3,256,1.8,3,1,2002,0
6799,43,0,30,3.0,0,1,2015,1
8650,2,3,250,2.4,1,1,1999,0
944,43,5,250,2.0,0,1,2010,1
6283,3,0,69,3.0,3,0,2013,1
1493,33,4,231,1.6,3,1,2008,0
5984,26,3,150,3.5,1,1,2008,1
8665,30,3,72,1.8,3,1,2013,0
1736,31,4,100,1.6,0,1,2013,0
2449,17,0,168,2.0,1,1,2007,1
521,35,3,140,1.8,3,1,2007,0
7340,23,0,162,3.3,3,1,2006,1
3661,13,3,193,2.0,1,1,1995,2
2501,3,3,170,2.0,0,1,2011,2
1364,12,5,240,2.8,0,1,2006,0
572,33,2,160,2.0,3,0,2001,0
4579,21,3,156,1.6,0,1,2008,0
4069,40,5,345,2.4,0,1,1992,2
5539,41,0,30,2.4,2,1,2014,1
3708,10,1,20,1.6,1,1,1998,0
7121,26,3,285,2.2,0,0,2002,2
7870,43,1,260,1.8,1,1,1987,0
8133,29,4,213,1.7,0,1,2004,0
2998,29,3,280,2.5,0,1,1996,2
1678,21,4,1,1.6,3,1,2016,0
3270,15,3,115,1.8,1,1,2012,0
1859,2,0,180,3.6,1,1,2007,1
7952,33,4,188,1.5,2,1,2012,0
7994,15,3,120,1.5,1,1,2007,0
589,6,1,81,1.6,3,1,2009,0
7517,39,1,117,1.3,3,1,2006,0
6343,3,3,33,2.0,0,1,2014,2
3259,12,5,198,1.4,1,1,2006,0
298,33,4,230,1.5,0,1,2012,0
8654,12,5,143,1.3,0,1,2012,0
4418,33,5,217,2.0,1,1,2003,0
274,3,0,17,4.4,3,1,2015,1
6391,3,3,194,4.4,1,1,2002,2
6817,23,3,128,3.0,3,1,2006,1
4681,27,3,80,1.5,3,1,2008,0
2253,26,3,250,2.7,0,0,2001,2
1103,21,4,155,1.6,1,1,2007,0
4872,40,3,179,3.0,1,1,2005,0
4212,10,3,140,1.5,3,1,2007,0
8159,43,3,300,2.8,1,1,1996,0
5103,28,1,88,1.2,3,1,2008,0
6926,42,1,93,1.6,3,1,2008,0
2383,40,3,165,1.8,3,1,2007,0
5851,42,1,148,1.6,3,1,2007,0
6735,26,3,110,3.0,0,1,2011,1
4120,29,5,186,2.0,0,1,2007,0
38,26,0,0,2.99,0,1,2016,1
5039,40,0,233,4.0,1,1,2006,1
1781,40,3,51,2.5,1,1,2014,0
5542,43,5,145,2.0,1,1,2011,0
6408,28,0,80,3.5,3,1,2009,1
2294,40,3,162,3.5,1,1,2007,0
5234,17,3,103,1.5,0,1,2008,0
2629,29,2,160,2.0,2,1,2012,0
2337,40,0,205,2.0,3,1,2002,1
2676,43,2,123,1.8,3,1,2010,0
7152,2,3,260,1.8,1,1,2003,0
2003,43,1,95,1.6,1,1,2005,0
5428,26,2,220,3.2,3,0,2004,2
2220,26,1,125,2.3,3,1,2001,2
1427,26,3,260,2.7,0,0,2002,2
748,25,3,26,2.5,3,1,2014,0
2757,43,2,184,3.6,3,1,2008,1
2722,29,4,230,1.3,0,1,2006,0
813,35,1,130,1.4,3,1,2008,0
2246,33,5,140,1.4,3,1,2009,0
7578,12,3,0,1.4,3,1,2016,0
4635,43,4,350,1.9,0,1,2003,0
7842,26,3,300,2.8,1,1,1979,2
3501,42,3,75,1.6,3,1,2006,0
2151,3,0,1,2.0,0,1,2016,1
1020,3,0,108,2.0,0,1,2012,1
781,32,3,20,3.6,3,1,2014,1
5119,43,3,297,1.6,3,1,1987,0
3016,43,4,284,1.9,2,1,2001,0
5592,43,2,195,2.0,0,1,2011,0
4405,43,2,140,2.0,2,1,2007,0
6206,3,3,335,2.0,0,0,1999,2
7244,15,3,57,1.8,3,1,2014,0
5655,17,0,135,2.0,3,1,2006,1
1090,6,0,124,2.4,1,1,2012,1
6657,3,3,245,2.2,3,1,2002,2
6510,42,3,233,1.3,3,1,1984,2
2933,29,1,168,1.7,0,1,2010,0
6890,32,0,136,3.6,3,1,2008,1
1692,43,3,258,1.9,0,1,2004,0
4067,16,3,152,2.0,3,1,2008,0
8711,2,4,210,2.5,0,0,2000,0
8304,33,3,100,1.7,3,1,1986,0
6800,10,3,68,1.3,1,1,2011,0
7529,40,0,250,4.2,0,1,2000,1
5819,31,4,170,1.6,3,1,2003,0
4089,26,0,0,2.2,0,1,2016,1
3055,29,3,355,1.6,2,1,1996,0
8769,13,3,215,2.0,3,1,2006,0
6908,31,5,170,1.6,0,1,2011,0
1511,22,0,81,5.0,3,1,2013,1
2318,18,1,145,3.5,1,1,2003,1
5153,13,5,137,1.8,0,1,2011,0
6472,3,3,400,2.0,3,1,1991,2
4797,40,1,79,1.6,1,1,2012,0
3088,42,4,130,1.5,1,1,2006,2
4804,2,4,278,2.5,0,1,2005,1
8826,12,5,190,1.9,0,1,2001,0
8237,6,3,150,1.6,1,1,2008,0
3827,31,1,112,1.4,1,1,2010,0
6832,27,2,290,2.0,3,1,1990,0
3766,2,4,180,2.0,0,1,2007,0
7687,35,1,66,1.4,3,1,2013,0
6294,27,0,275,3.5,1,1,2000,1
108,43,0,133,2.5,0,1,2007,1
2493,3,3,250,2.5,0,1,2001,2
7109,3,3,230,2.0,1,1,2004,2
5382,28,1,8,1.4,3,1,2013,0
4214,21,1,93,1.6,3,1,2008,0
116,27,3,112,2.0,3,1,2008,0
5252,12,1,179,1.4,1,1,1992,0
799,26,3,200,2.6,1,1,2001,2
6650,42,3,187,1.6,3,1,2007,0
1007,40,1,30,1.6,3,1,2013,0
4185,33,4,165,1.5,0,1,2012,0
2278,3,3,44,2.5,0,0,1997,2
8301,42,3,137,1.6,3,1,2008,0
775,3,0,180,3.0,0,1,2011,1
256,42,1,60,1.6,3,1,2013,0
1111,26,2,260,2.7,0,1,2005,2
1798,40,3,58,2.5,3,1,2015,0
5738,42,1,75,1.5,1,1,1995,0
7468,28,3,330,2.0,3,1,1986,0
3358,26,0,120,5.5,3,1,2008,1
3148,3,3,200,1.8,3,1,2004,2
7759,26,2,0,1.6,3,1,2016,2
4578,43,3,122,2.0,3,1,2012,0
685,3,0,73,2.0,3,1,2011,2
3711,33,5,1,1.5,0,1,2003,0
4220,21,0,150,2.2,0,1,2011,0
8440,28,3,181,3.0,3,1,2000,0
3516,35,3,187,2.0,3,1,2004,0
8016,8,2,120,1.4,3,1,2006,0
4351,43,4,280,1.9,0,1,1996,0
8815,42,3,11,1.5,3,1,2006,0
1406,43,0,1,2.0,0,1,2015,0
8131,23,0,160,4.7,3,1,2004,1
4601,43,3,161,1.8,3,0,1994,0
3152,26,5,300,2.2,0,1,2005,2
6626,13,5,200,2.0,1,1,1989,2
1076,27,0,1,2.0,3,1,2016,1
6450,43,3,290,1.8,1,1,1997,0
4991,17,1,97,1.4,3,1,2007,0
6301,40,1,103,1.6,3,1,2008,0
5270,25,3,200,2.0,0,1,1987,0
1550,3,3,277,2.0,3,1,1991,2
7246,33,0,0,1.5,0,1,2016,1
7120,2,2,12,1.8,3,1,2014,0
5658,40,1,98,1.3,2,1,2006,0
357,6,3,121,1.6,3,1,2008,0
2355,6,0,1,1.7,3,1,2015,1
2261,26,3,67,2.8,2,1,1995,2
2666,10,1,76,0.8,3,1,2007,0
7554,43,1,152,1.0,3,1,2000,0
4781,29,5,185,2.0,0,1,2008,0
3123,40,0,128,4.0,1,1,2007,1
1178,13,1,131,1.4,3,1,2010,0
900,2,1,24,2.8,2,1,2014,1
1599,43,2,38,2.0,0,1,2015,1
4729,40,0,139,4.0,1,1,2005,1
2792,10,3,172,1.3,1,1,2006,0
6060,26,5,280,2.9,0,0,1997,2
1540,3,3,11,2.5,0,1,1994,2
1481,33,4,95,1.5,0,1,2012,0
4341,42,3,93,1.5,2,1,2004,2
4758,42,3,11,1.5,3,1,1987,2
547,21,2,87,2.2,0,1,2010,1
1217,3,3,58,4.4,2,1,2011,2
3462,43,5,240,2.5,0,1,2007,0
3304,12,4,180,1.6,0,1,2011,0
6881,21,2,140,2.0,3,1,2007,0
1799,6,3,40,1.8,3,1,2011,0
1875,3,0,64,2.0,0,1,2015,1
7371,16,0,90,2.4,3,0,2011,1
3346,42,1,188,1.3,3,1,1993,0
6742,2,3,175,3.0,3,1,2006,1
2199,26,3,184,1.8,1,1,2008,2
936,26,5,344,2.2,0,1,2006,2
2976,30,5,130,5.3,3,1,2010,1
5916,26,3,175,3.2,0,0,2006,2
8341,18,2,75,3.5,3,1,2006,2
1095,26,5,250,2.2,0,1,2006,2
4516,26,5,236,2.2,0,1,2012,2
3395,29,4,220,2.0,0,1,2009,0
7672,43,3,320,1.8,1,1,1990,0
7163,42,4,300,1.2,3,1,1980,2
7231,43,1,148,1.4,2,1,2008,0
5529,15,3,24,1.5,1,1,2014,0
1861,16,1,82,1.8,3,1,2009,0
1528,40,0,105,2.0,1,1,2011,1
709,23,3,64,4.6,3,1,2010,1
3713,33,3,230,1.5,0,1,2007,0
3828,26,3,196,2.0,1,1,2000,2
4850,31,1,120,1.4,3,1,2006,0
644,40,3,185,1.6,3,1,2008,0
3540,40,2,421,1.3,1,1,1988,0
5363,13,4,91,1.6,3,1,2012,0
8488,43,4,248,2.0,0,0,2005,0
77,26,2,107,2.2,0,1,2010,0
6865,14,5,120,2.5,1,1,2008,2
4779,26,3,247,4.0,0,1,2003,2
2593,34,3,20,1.4,3,1,2015,0
4395,26,0,65,4.5,3,1,2010,1
5779,8,5,130,1.6,0,1,2009,0
4495,6,3,90,1.5,3,1,2007,0
1143,23,3,125,3.5,2,1,2007,0
8111,33,5,146,1.5,0,1,2012,0
3623,29,3,234,2.2,2,0,2002,0
6332,6,3,90,1.8,3,1,2011,0
2684,13,1,6,1.0,3,1,2015,0
1399,43,0,158,2.5,0,1,2007,1
7776,36,2,126,0.6,1,1,2001,2
358,25,3,0,2.0,2,1,2016,0
3878,26,3,134,3.0,0,1,2010,2
2577,21,3,64,1.6,1,1,2013,0
1920,21,0,1,1.7,0,1,2015,0
354,3,2,220,2.5,3,1,1997,2
25,3,0,0,2.0,0,1,2015,1
554,3,2,98,3.0,3,1,2007,2
2016,17,0,220,2.9,0,0,2002,1
7156,26,3,366,3.2,1,1,1991,2
7076,8,3,200,2.0,0,1,2000,0
5407,10,3,197,1.5,1,1,2003,0
3260,10,3,83,1.5,1,1,2007,0
8619,33,2,169,2.3,0,1,2013,0
4250,26,3,245,2.8,1,1,1998,2
7782,31,3,10,1.9,1,1,1990,0
8360,31,2,91,1.6,3,1,2009,0
5489,33,3,0,1.2,3,1,2016,0
2652,10,3,200,1.5,3,1,2003,0
4001,23,3,185,4.6,3,1,2008,2
3676,42,2,1,1.5,3,1,1988,1
957,25,5,107,2.0,3,1,2008,0
4092,2,0,0,2.98,0,1,2016,1
2119,43,0,0,3.0,0,1,2016,1
1651,3,3,69,2.0,3,1,2008,2
5183,43,4,165,1.4,3,1,2013,0
7313,43,5,124,2.0,0,1,2013,0
8184,21,1,94,1.6,0,1,2007,0
7891,36,2,7,1.0,3,1,2014,2
3071,29,3,64,1.7,0,1,2013,0
3598,29,3,160,1.6,1,1,2008,0
5850,25,1,220,2.0,3,1,1993,0
1531,3,2,73,2.0,3,1,2012,2
5356,35,4,214,1.6,0,1,2010,0
7784,2,3,186,2.5,0,1,1996,0
5763,21,0,78,2.0,3,1,2013,0
5925,27,3,110,2.0,3,1,2008,0
6782,26,2,350,2.4,0,1,1988,0
4939,3,3,300,2.0,3,1,1986,2
6469,45,1,44,1.5,3,1,2013,0
8151,43,5,53,2.0,0,1,2013,1
4750,43,5,176,2.0,0,1,2011,0
5910,3,0,80,3.0,3,1,2012,1
5836,42,1,168,1.5,3,1,2002,0
5632,42,3,125,1.6,3,1,2006,0
7629,18,3,98,3.7,3,1,2013,1
5050,43,3,325,1.8,1,1,2003,0
390,38,0,230,2.5,1,1,2006,1
6707,2,2,79,4.2,3,1,2007,1
4571,17,3,70,1.4,3,1,2011,0
8165,7,5,400,2.5,0,0,2003,0
6590,33,5,92,1.5,0,1,2013,0
7487,27,0,87,3.8,1,1,2008,1
151,40,3,16,2.5,3,1,2013,0
8085,35,3,190,1.8,1,1,2008,0
4180,28,0,240,3.0,0,1,2003,1
3402,2,3,1,2.3,1,1,1989,0
5394,13,4,260,1.8,0,1,2008,0
6363,43,1,1,1.8,1,1,1996,0
8278,29,4,272,1.8,3,1,1998,0
2036,21,3,140,1.6,0,1,2008,0
2973,25,3,95,2.0,2,1,2008,0
7366,26,5,184,2.2,0,1,2012,2
3376,42,1,161,1.6,1,1,2007,0
8208,10,3,65,1.5,3,1,2012,0
5498,2,2,60,2.0,3,1,2011,1
5098,40,4,89,1.8,3,1,2012,0
8549,35,3,85,1.8,3,1,2012,0
2182,26,3,350,3.0,0,1,1994,2
3282,18,0,95,3.5,1,1,2007,1
4644,40,3,0,1.8,3,1,2016,0
5257,13,1,36,1.3,3,1,2012,0
6507,28,5,90,1.5,0,1,2013,0
8166,31,1,34,1.0,3,1,2013,0
2826,35,1,120,1.2,3,1,2006,0
3470,28,3,119,3.5,1,1,2010,0
4608,34,3,141,2.0,1,1,2007,0
7543,26,3,450,4.2,1,1,1997,2
6053,43,1,156,1.6,3,1,2007,0
4621,12,5,150,1.6,0,1,2008,0
7881,23,0,275,4.7,1,1,2004,1
1289,25,3,134,1.6,3,1,2008,0
3399,13,5,210,1.8,0,1,2010,0
42,27,0,110,2.4,3,1,2006,1
2397,28,0,155,2.5,1,1,2007,1
7523,3,3,50,2.5,3,1,1988,2
2128,43,5,300,1.8,1,1,1999,0
2783,17,1,137,1.4,1,1,2007,0
2901,33,5,119,1.5,0,1,2012,0
3584,40,3,286,1.6,3,1,2000,0
1674,21,3,1,1.4,3,1,2015,0
3644,2,3,112,2.0,0,1,2012,0
3756,35,3,95,1.8,3,1,2012,0
7652,5,3,58,2.0,3,1,2007,0
805,21,0,48,2.0,0,1,2014,1
5307,35,3,139,1.8,3,1,2008,0
2968,35,1,128,1.2,3,1,2006,0
2085,26,3,409,2.6,3,1,1991,2
7694,33,3,89,1.6,3,1,2012,0
110,6,3,106,1.6,3,1,2007,0
3337,10,3,87,1.5,1,1,2007,0
2632,3,0,52,3.0,3,1,2012,1
6932,43,4,185,1.4,3,1,2011,0
5418,28,3,115,3.0,2,1,1993,0
4870,43,3,0,1.6,0,1,2016,0
4641,40,3,110,1.6,3,1,2011,0
864,43,1,68,1.4,3,1,2013,0
2348,17,1,108,1.4,3,1,2007,0
7905,33,4,0,1.5,0,1,2016,0
6447,43,4,289,2.0,3,1,1994,0
3824,29,4,251,1.8,3,1,1997,0
474,33,5,129,1.5,2,1,2014,0
5562,43,4,288,1.8,3,1,1990,0
7089,2,3,200,1.8,3,1,2003,0
7091,2,3,260,2.5,0,1,2002,0
1132,35,1,71,1.8,3,1,2014,0
3695,35,3,287,1.9,0,0,1998,0
5372,43,3,2,1.6,0,1,2016,0
5753,35,1,1,1.2,3,1,2016,0
286,26,3,123,3.2,3,1,2000,2
5226,26,3,270,2.7,0,1,2001,2
374,32,2,11,3.8,3,1,2010,2
5981,6,3,170,1.5,3,1,2006,0
4225,34,3,68,2.0,3,1,2007,0
3221,42,0,100,1.6,3,1,1992,1
741,40,3,96,2.4,1,1,2008,0
2837,29,5,180,2.0,0,1,2012,0
1196,40,0,153,2.7,1,1,2006,1
4863,42,4,67,1.6,1,1,2012,0
6292,44,3,312,2.5,0,0,2000,0
2309,26,3,111,2.5,0,1,1989,2
3733,25,3,300,2.0,0,0,2003,0
4013,39,0,179,2.0,3,1,2003,1
8487,24,2,30,2.0,0,1,2014,1
3622,35,1,230,1.8,3,1,2001,0
6417,33,5,265,1.5,0,1,2008,0
7939,8,1,23,1.0,3,1,2013,0
3147,26,5,250,2.2,0,1,2005,2
5545,15,3,146,1.5,1,1,2008,0
2191,40,3,172,1.8,1,1,2005,0
7705,29,4,270,1.7,0,1,2003,0
4907,35,1,96,1.2,3,1,2007,0
8634,43,4,235,1.4,3,1,2000,0
5141,27,0,170,3.0,1,1,2005,1
8451,29,1,30,1.6,1,1,2014,0
179,13,0,68,2.5,0,1,2010,0
8799,33,4,1,1.5,0,1,2004,0
2688,3,3,1,3.5,3,1,1999,2
7596,12,5,270,1.9,0,1,1999,0
2388,43,5,210,1.6,1,1,2004,0
2971,17,0,48,2.0,1,1,2011,1
7119,12,5,120,2.0,0,1,2001,0
7924,27,0,1,2.0,3,1,1986,1
8210,38,1,62,2.0,3,1,2010,1
3702,42,3,93,1.6,3,1,2007,0
6635,43,5,176,1.6,0,1,2012,0
1705,31,5,162,1.6,0,1,2008,0
6210,35,4,155,1.6,0,1,2012,0
3174,39,3,31,1.6,3,1,2009,0
4226,10,1,99,0.8,3,1,2008,0
7809,3,0,76,4.4,3,1,2010,1
4003,40,3,1,1.8,3,1,2008,0
934,13,1,157,1.25,1,1,2007,0
5052,27,3,145,2.0,1,1,2007,0
8250,43,4,58,2.0,0,1,2013,0
3580,10,1,61,0.8,3,1,2012,0
8072,26,5,307,2.2,0,1,2007,2
8804,13,3,3,2.0,3,1,1986,2
6843,16,3,193,2.0,1,1,1988,0
3155,43,2,290,1.9,0,1,1995,0
7232,43,5,290,1.9,0,1,2008,0
6553,30,1,20,1.5,3,1,2012,0
610,35,3,57,1.4,3,1,2012,0
1532,43,4,160,1.4,3,1,2011,0
6120,35,1,148,1.2,3,1,2004,0
5424,3,0,250,3.0,3,0,2003,1
4722,42,4,1,1.9,0,1,2001,2
833,2,3,190,2.5,0,1,2003,0
3341,29,3,53,1.4,3,1,2006,0
2858,6,1,83,1.5,3,1,2009,0
2399,40,0,89,4.5,0,1,2012,1
1085,35,3,150,1.78,3,1,2004,0
4249,38,0,85,2.5,3,1,2008,1
6998,23,3,130,4.6,3,1,2009,1
7208,43,5,505,2.4,0,1,1995,0
4701,29,3,167,2.2,3,1,2008,0
4808,22,0,164,3.6,0,0,2008,1
6717,13,0,36,2.5,3,1,2012,1
4764,27,0,95,2.5,0,1,2008,1
8727,30,3,190,3.3,3,1,1990,0
6157,17,0,39,2.0,3,1,2011,1
395,22,0,60,4.4,0,1,2014,1
5687,36,2,82,1.0,3,1,2012,2
1518,40,2,82,2.0,1,1,2007,1
3157,18,0,190,3.5,1,1,2005,1
3942,40,3,95,2.4,3,1,2007,0
8748,35,1,100,1.4,3,1,2012,0
2285,3,3,360,2.5,3,1,1992,2
4835,21,5,125,2.0,3,1,2008,0
4550,6,2,109,3.2,3,1,2007,1
7549,10,3,240,2.0,1,1,1999,0
2874,21,1,182,2.0,3,1,2006,1
5637,42,2,5,1.5,3,1,1990,0
7830,42,3,155,1.5,3,1,2005,0
6791,3,2,100,3.0,3,1,2007,2
6249,27,0,180,3.0,1,1,2008,1
4033,33,3,96,1.4,3,1,2007,0
6262,37,0,22,2.0,0,1,2013,0
4389,10,2,140,0.8,3,1,2002,0
6667,40,3,134,2.4,1,1,2007,0
1850,2,4,40,3.0,0,1,2010,1
1774,40,3,17,2.5,3,1,2015,0
7248,43,5,190,1.9,0,1,2008,0
2436,17,3,92,1.4,3,1,2008,0
5273,35,3,140,1.5,1,1,2007,0
3631,3,3,300,2.5,3,0,1997,2
3036,40,3,225,3.0,1,1,2004,0
8326,5,4,290,2.4,3,1,2008,0
3175,31,0,0,1.2,3,1,2016,0
7343,15,3,35,2.0,3,1,2015,0
1564,40,1,67,1.6,3,1,2012,0
2092,3,3,245,2.5,3,1,2007,2
6675,26,3,405,2.0,0,1,1992,2
2469,43,1,29,1.4,3,1,2014,0
5936,22,0,350,2.5,0,0,1995,1
2291,35,4,150,1.4,3,1,2010,0
8126,35,1,89,1.4,3,1,2010,0
6517,25,3,169,2.0,3,1,2005,0
3274,2,3,226,1.8,3,1,1995,0
2518,42,3,100,1.5,3,1,2008,0
4732,21,3,90,2.0,3,1,2008,0
5180,16,1,210,1.4,1,1,1998,0
6810,26,4,122,2.3,3,1,1987,2
533,22,0,171,3.6,0,1,2008,1
3697,6,3,131,1.5,1,1,2006,0
5399,13,3,200,3.0,1,1,1993,0
3100,43,3,30,2.0,0,1,2014,0
3857,3,2,300,1.8,3,1,1994,2
1679,35,3,1,1.6,3,1,2015,0
2810,2,4,390,1.9,0,0,1998,0
3744,13,1,50,0.9,3,1,2013,0
2069,25,3,65,2.0,1,1,2009,0
54,43,3,300,1.9,0,0,1998,0
7429,10,3,148,1.6,1,1,2008,0
5291,29,3,319,2.0,3,1,1989,0
1064,23,0,141,3.0,1,1,2004,1
1366,35,3,98,1.8,3,1,2010,0
6361,23,0,145,3.5,3,1,2007,1
6050,43,5,185,1.9,0,1,2009,1
4084,27,0,111,2.4,3,1,2011,1
1912,17,0,192,2.0,0,1,2008,1
6105,8,1,114,1.6,3,1,2006,0
6483,6,3,150,1.5,3,1,2004,0
435,43,2,189,2.0,0,1,2011,0
2667,43,4,0,2.0,0,1,2014,0
264,13,3,109,1.6,1,1,2011,0
1745,43,1,22,1.2,2,1,2014,0
1121,40,0,85,3.0,0,1,2012,1
7161,2,4,310,2.5,2,0,1998,0
6720,43,0,108,3.0,0,1,2012,1
1144,43,0,1,4.2,3,1,2004,1
7485,33,1,250,1.4,3,1,1987,0
5462,16,3,97,2.0,3,1,2008,0
6463,43,0,70,1.4,3,1,2012,0
6486,33,3,277,1.5,0,1,2005,0
6916,25,3,152,2.3,3,1,2008,1
8460,26,3,222,5.5,3,1,2006,2
7550,33,4,34,1.5,0,1,2013,0
5922,12,1,170,1.0,3,1,1994,0
2559,45,1,32,1.5,1,1,2012,0
72,26,5,197,2.2,0,1,2002,0
4518,3,0,125,3.0,3,1,2007,1
5268,26,3,266,5.0,1,1,2004,2
2076,35,3,58,1.8,3,1,2012,0
8847,23,3,150,3.5,1,1,2008,0
4022,33,3,160,1.4,1,1,2008,0
372,26,3,288,3.2,1,1,2001,2
6731,42,3,82,1.5,3,1,2007,2
2716,3,0,1,3.0,3,1,2016,1
1509,34,4,78,1.2,0,1,2013,0
6630,40,3,43,1.3,3,1,2014,0
2427,7,4,76,2.7,3,1,2009,2
8156,6,0,150,1.7,3,1,2004,1
1039,40,3,30,2.5,3,1,2014,0
5084,25,2,135,1.3,3,1,2004,2
6167,26,2,209,3.0,0,1,2006,2
7476,18,3,149,3.5,3,1,2007,2
4860,22,0,124,1.8,3,0,2005,1
7997,42,1,1,1.3,1,1,1991,0
6601,42,1,104,1.6,3,1,2008,0
1454,43,3,50,2.0,3,1,2013,0
6224,3,3,221,3.0,0,0,2002,2
7178,30,2,59,4.6,3,1,1995,2
2942,35,3,47,1.8,3,1,2014,0
6736,31,4,123,1.6,2,1,2008,0
6082,42,1,70,1.5,3,1,1991,0
7370,29,1,30,1.6,1,1,2014,0
594,35,1,220,1.9,0,0,2002,0
765,3,3,272,2.0,0,1,2000,2
7290,39,0,181,2.0,2,1,2008,1
92,33,4,185,1.5,0,1,2011,0
3351,40,0,135,4.0,1,1,2007,1
7284,15,1,51,1.5,1,1,2012,0
4846,34,4,156,1.6,3,1,2006,0
3742,35,3,80,1.4,3,1,2014,0
7606,17,3,54,1.4,3,1,2008,0
2053,43,0,156,2.0,0,1,2012,0
6818,8,1,103,1.6,0,1,2012,0
4666,13,1,85,1.25,3,1,2013,0
1238,3,3,5,2.0,3,1,2016,2
7948,33,5,0,1.5,0,1,2016,0
5425,23,3,122,4.6,3,1,2008,2
7301,29,4,165,1.6,3,1,2000,0
4799,8,5,67,1.6,0,1,2012,0
3359,43,3,273,2.0,3,1,2006,0
2015,13,1,82,1.25,3,1,2007,0
6104,38,3,126,2.0,1,1,2007,1
171,22,2,155,3.6,0,1,2008,1
3826,13,1,248,1.8,3,1,2002,0
4078,43,2,30,1.4,3,1,2013,0
1108,17,0,178,2.0,0,0,2006,1
2068,33,5,175,2.0,0,1,2007,0
195,26,2,12,1.8,3,1,2012,2
4777,43,3,86,1.6,3,1,2012,0
1943,16,3,119,2.0,3,1,2007,0
8163,3,3,350,2.5,3,1,1995,2
4261,42,3,70,1.5,3,1,1990,2
3066,29,5,197,1.9,0,1,2006,0
5557,43,1,40,1.4,3,1,2013,0
7215,27,3,158,1.6,3,1,2007,0
5328,33,5,189,2.0,0,1,2010,0
3763,17,0,175,3.8,1,1,2007,1
6000,8,5,132,1.4,3,1,2006,0
1425,27,3,121,1.6,1,1,2008,0
7595,14,5,180,2.46,3,1,2000,2
7634,14,3,70,2.4,2,1,1991,2
4730,40,5,140,2.0,1,1,1985,2
4443,13,1,32,1.0,3,1,2014,0
5947,29,5,169,1.3,0,1,2009,0
3844,40,1,92,1.3,3,1,2006,0
562,38,0,110,3.0,3,1,2006,1
5776,43,1,200,1.4,3,1,2005,0
7376,34,3,344,1.8,1,0,1996,0
3068,43,3,128,2.0,3,1,2007,0
4507,43,3,84,2.0,3,1,2007,0
3384,17,3,150,2.0,1,1,2008,0
3556,38,0,118,2.5,1,1,2009,1
7620,13,2,161,2.2,0,1,2011,0
6959,42,3,165,1.6,2,1,2006,0
7690,39,0,231,2.7,3,1,2007,1
8045,42,1,115,1.6,1,1,2011,0
8439,42,1,105,1.4,2,1,2008,0
8657,31,1,80,1.6,3,1,2012,0
1275,26,5,230,2.2,0,1,2008,2
5523,26,2,275,2.15,0,1,2006,2
5609,10,3,26,1.3,1,1,2014,0
7721,27,5,168,1.8,3,0,2001,0
6402,14,3,70,2.44,1,1,1982,2
8086,29,3,170,3.2,3,1,2002,2
3017,43,3,148,2.0,3,1,2006,0
5552,13,0,100,2.5,3,1,2011,1
230,2,4,250,2.5,0,0,2001,1
2888,43,4,270,1.9,0,1,2000,0
4833,18,0,130,3.5,3,1,2009,1
2895,26,3,83,2.2,0,1,2012,2
600,13,3,67,2.0,3,1,2011,0
4339,6,3,170,1.6,1,1,2005,0
3241,33,2,173,2.0,0,1,2012,0
8546,6,1,52,1.4,2,1,2013,0
5495,43,5,318,1.9,0,1,1993,0
3950,10,3,86,1.3,3,1,2010,0
8346,42,0,42,1.7,3,1,2011,1
6715,6,3,49,1.5,3,1,2011,0
5376,17,4,159,1.6,2,1,2011,0
2451,40,3,243,2.0,1,1,1987,2
4040,10,3,129,1.5,3,1,2008,0
859,13,4,92,1.6,1,1,2013,0
6988,28,0,51,2.5,3,1,2011,1
7128,25,3,170,2.0,3,1,2005,0
8447,2,3,267,1.9,0,0,2003,0
6399,16,3,190,2.0,1,1,2006,0
7009,36,1,150,1.3,3,1,2004,0
2534,23,3,350,3.0,3,1,1996,2
7206,38,3,3,2.5,3,1,2007,1
6387,31,1,98,1.0,3,1,2012,0
4265,26,3,140,5.0,3,1,2007,2
5010,26,0,68,3.0,0,1,2014,1
659,43,1,156,1.6,0,1,2011,0
4894,26,2,115,2.2,0,1,2011,2
452,16,3,140,2.0,3,1,2006,0
5882,22,0,95,4.4,0,1,2012,1
3081,43,5,147,1.6,0,1,2013,0
1145,43,3,51,1.6,3,1,2013,0
1113,28,0,138,2.0,3,1,2008,1
779,10,3,99,1.5,3,1,2008,0
6070,2,3,85,1.8,3,1,2007,0
6633,3,2,400,2.0,3,1,1998,2
3574,42,4,120,1.5,3,1,2004,2
8814,30,5,190,1.5,3,1,1998,0
1267,18,0,0,3.7,3,1,2015,1
3094,17,0,83,2.0,3,1,2011,1
1787,43,4,196,2.0,0,1,2011,0
2072,43,3,174,2.0,3,1,2007,0
1525,28,0,87,2.0,1,1,2011,0
8651,12,1,11,1.5,3,1,1988,0
2820,26,5,127,1.8,0,1,2013,0
2009,28,0,169,2.0,3,1,2008,1
2483,25,3,274,1.5,3,0,1995,0
4557,33,4,280,1.5,0,1,2005,0
1236,43,4,139,1.4,1,1,2011,0
3432,29,2,114,1.7,0,0,2012,0
634,2,4,140,4.2,3,1,2007,1
5580,43,3,174,2.0,3,1,2005,0
812,40,0,40,2.0,3,1,2014,1
396,3,3,2,2.0,3,1,2016,2
7351,13,2,67,5.0,1,1,2011,1
4665,17,0,170,2.0,1,1,2008,1
5319,43,3,0,1.6,3,1,2016,0
5601,43,4,504,1.6,1,1,1988,0
5008,27,2,0,2.4,0,1,2016,1
204,27,0,125,3.0,1,1,2008,1
3305,24,3,101,1.6,3,1,2005,0
3345,26,5,193,2.2,0,1,2011,2
1592,40,0,160,4.0,3,1,2008,1
5248,17,0,112,2.0,3,1,2008,1
6139,29,3,221,1.8,1,1,2005,0
4114,32,0,106,3.0,0,1,2010,1
1271,2,3,150,2.0,3,1,2013,1
4125,40,0,51,3.0,0,1,2013,1
367,31,3,171,2.0,3,1,2006,0
8841,26,4,248,2.0,1,1,1996,2
1080,17,3,1,1.6,3,1,2016,0
6097,18,0,114,3.5,1,1,2008,1
4028,7,3,100,3.5,1,1,2010,2
8419,33,5,160,1.5,0,1,2005,0
7805,7,3,171,5.7,2,1,2005,1
3397,2,1,69,1.4,3,1,2012,0
4734,33,5,207,1.5,0,1,2003,0
8280,28,0,236,2.0,1,1,2007,1
4598,43,1,225,1.4,3,1,2000,0
1982,2,3,159,5.2,3,1,2008,1
7874,26,4,380,2.9,0,1,1997,2
8694,26,3,303,2.2,0,0,2000,2
7374,39,1,78,1.3,3,1,2007,0
2137,26,4,180,3.2,0,1,2002,2
5025,27,0,130,2.4,1,1,2006,1
2861,16,3,180,1.8,3,1,2009,0
4946,35,4,169,1.6,0,1,2011,0
3113,23,3,198,3.0,3,1,2005,2
6130,43,3,110,1.8,3,1,2011,0
3879,27,3,270,2.0,1,1,1998,0
8397,17,3,119,1.4,3,1,2008,0
1453,26,3,295,3.0,0,1,1994,1
208,35,1,24,1.4,3,1,2014,0
5255,38,3,226,1.6,1,1,2002,1
1773,35,2,121,1.6,3,1,2011,0
8259,33,4,179,1.5,0,1,2010,0
1134,33,5,186,1.5,0,1,2012,0
3460,35,3,190,1.9,0,0,2006,0
5870,16,3,70,2.4,3,1,2012,0
2838,38,0,0,2.0,0,1,2016,1
8778,33,3,246,1.4,3,1,2005,0
1221,43,5,1,1.6,0,1,2015,0
5058,29,3,247,1.6,3,0,1996,0
5359,26,0,220,3.2,1,1,1999,1
5924,42,1,25,1.3,3,1,1989,0
4646,43,3,271,1.8,3,1,2000,0
8232,8,1,100,1.6,0,1,2013,0
3601,12,5,140,2.0,0,1,2011,0
47,2,3,240,2.5,0,0,2000,0
7590,6,3,120,1.8,3,1,2008,0
8194,42,3,108,1.6,3,1,2008,0
3565,17,1,63,1.4,3,1,2008,0
7393,26,2,78,3.5,3,1,2010,2
250,16,1,63,1.8,3,1,2013,0
212,21,1,54,1.6,0,1,2013,0
3597,42,3,31,1.3,3,1,1986,2
4669,12,5,300,1.25,3,1,2002,0
1141,43,0,150,2.5,0,1,2005,1
480,26,2,82,5.5,3,1,2010,1
8377,35,1,80,1.2,3,1,2013,0
1278,43,0,0,3.0,0,1,2015,1
749,3,4,157,2.0,0,1,2007,2
7320,42,3,150,1.3,3,1,1989,2
7218,26,0,128,3.0,0,1,2013,1
101,29,4,231,2.0,0,0,2005,0
7182,30,3,269,2.0,0,0,2002,0
6454,35,3,0,1.8,3,1,2016,0
7639,40,1,136,1.6,3,1,2007,0
4825,35,4,236,1.2,3,1,2003,0
5514,16,2,52,2.2,3,1,2006,2
2420,6,3,168,1.5,1,1,2007,0
1537,13,5,150,1.8,0,1,2010,0
4900,27,1,108,1.3,3,1,2006,0
6624,29,1,1,2.0,1,1,1997,0
2692,28,3,66,2.5,3,1,2010,0
292,2,3,170,4.2,0,1,2011,1
4283,8,1,71,1.4,3,1,2004,0
8412,43,3,65,1.6,3,1,2013,0
3801,33,5,177,2.0,0,1,2009,0
7292,26,0,150,3.0,0,1,2013,1
4623,33,3,94,1.5,0,1,2011,0
7670,30,2,79,2.28,3,1,2007,2
4008,13,5,200,2.0,1,1,1991,2
1829,34,1,55,1.6,3,1,2010,0
5059,16,0,318,2.0,3,1,1997,1
881,21,1,124,1.1,3,1,2007,0
7099,8,5,42,1.6,0,1,2015,0
806,27,0,110,2.4,1,1,2008,1
4164,35,3,210,1.8,3,1,2008,0
3978,17,0,88,2.0,1,1,2010,1
1263,29,5,260,1.3,0,1,2010,0
1297,23,3,128,3.0,3,1,2006,1
599,35,3,170,1.6,3,1,2007,0
6022,27,5,98,2.4,3,1,2008,0
7031,40,2,130,2.7,1,1,2004,1
1175,3,2,160,3.0,0,1,2011,1
1523,26,3,174,2.6,1,1,2001,2
6237,43,3,324,1.6,0,1,1984,0
4077,13,3,190,2.3,1,1,1997,2
8233,2,4,167,2.5,0,1,2000,1
8136,40,4,60,2.2,0,1,2013,1
2881,10,3,65,1.5,3,1,2013,0
1052,16,0,97,2.0,1,1,2009,1
1345,2,3,261,1.8,1,1,2000,0
870,32,0,40,3.0,3,1,2013,2
3334,17,0,0,2.0,3,1,2016,0
423,13,1,114,1.4,1,1,2009,0
67,27,0,140,2.4,1,1,2007,1
81,26,5,223,2.2,0,1,2009,2
8818,31,3,50,1.2,3,1,2013,0
780,16,0,253,2.0,3,1,2001,1
8239,17,0,65,2.0,0,1,2011,1
1947,17,3,95,1.4,1,1,2009,0
1853,33,5,164,1.4,3,1,1999,0
5849,12,1,112,1.4,3,1,2006,0
6653,3,3,350,2.4,0,1,1992,2
3800,42,3,88,1.6,2,1,2011,0
988,17,3,41,1.8,1,1,2014,0
4533,40,3,140,2.4,1,1,2007,0
3167,42,3,120,1.5,1,1,2001,0
491,40,0,252,4.2,0,1,2002,1
7508,7,0,105,3.5,3,1,2006,1
5132,13,1,86,1.4,1,1,2011,0
4478,10,3,126,1.6,1,1,2012,0
8668,2,3,190,3.0,3,1,2007,1
4741,40,3,105,2.5,1,1,2012,0
6068,29,1,86,1.3,0,1,2012,0
3292,2,0,183,4.2,3,1,2007,1
1491,33,4,176,1.5,0,1,2011,0
1831,15,3,37,1.5,3,1,2014,0
3084,40,0,90,2.0,3,1,2010,1
3835,29,5,250,2.5,0,1,2007,0
4735,27,0,45,2.5,0,1,2015,1
21,3,0,0,2.0,0,1,2016,1
6347,3,4,179,2.0,0,1,2007,0
8712,31,3,230,2.0,0,0,2005,0
1447,42,0,73,1.7,3,1,2007,1
6492,41,0,3,2.4,3,1,1986,1
1096,42,3,100,1.3,1,1,1990,2
8288,26,3,193,3.5,2,1,2006,2
2742,27,3,125,2.0,1,1,2008,0
5263,43,1,128,1.4,3,1,2010,0
821,3,0,80,3.0,3,1,2011,1
1895,17,0,219,2.7,1,1,2007,1
6236,27,3,180,1.6,1,1,2004,0
2900,3,3,448,3.0,3,1,1996,2
526,32,0,53,3.6,3,1,2013,1
5613,44,0,0,2.0,0,1,2016,1
2299,22,0,87,5.0,3,1,2010,1
3651,2,4,290,1.9,0,0,2002,0
8339,28,3,197,2.0,0,1,1992,0
517,3,3,233,3.0,0,1,2003,2
3050,16,3,128,2.0,3,1,2007,0
4620,17,3,59,1.4,3,1,2011,0
346,16,3,77,2.4,3,1,2011,0
8244,29,1,54,1.4,2,1,2012,0
3760,6,0,96,3.2,1,1,2007,1
4260,26,3,170,2.8,1,1,2007,1
7404,23,1,70,1.8,2,1,2012,0
2193,21,3,114,1.7,0,1,2013,0
4743,43,5,158,2.5,0,1,2003,0
3317,44,0,176,2.4,0,1,2008,1
6019,2,1,35,1.8,3,1,2014,0
5097,26,5,174,2.2,0,1,2012,2
3344,42,0,70,1.7,3,1,2008,1
6405,26,3,74,6.3,3,1,2010,2
3192,2,0,60,2.0,3,1,2012,1
5590,17,0,116,2.0,0,1,2009,1
7999,42,3,126,1.6,1,1,1979,2
8497,42,3,70,1.5,3,1,1990,2
8405,28,3,82,1.6,3,1,2008,0
93,17,0,105,1.6,3,1,2009,0
3043,35,1,300,1.6,3,1,2007,0
702,40,0,165,2.7,3,1,2005,1
5762,40,3,45,1.8,3,1,2014,0
5806,17,3,58,1.4,3,1,2011,0
1879,25,2,108,2.3,3,1,2008,1
1164,6,3,118,1.8,3,1,2011,0
3822,26,3,350,1.8,2,1,1995,2
7495,10,3,226,1.5,1,1,2005,0
6497,40,3,142,1.8,3,1,2008,0
6028,10,3,112,1.5,1,1,2008,0
3189,43,5,177,2.0,0,1,2011,0
4668,40,3,60,2.5,1,1,2014,0
1749,39,0,128,2.0,3,1,2006,1
8591,16,3,250,3.5,1,1,1999,0
6086,28,0,75,3.5,1,1,2009,1
3445,22,0,111,2.2,0,1,2007,1
7502,29,4,370,2.0,1,1,1994,2
1165,2,0,115,3.0,0,1,2010,1
8277,42,3,200,1.5,3,1,2001,0
4637,16,0,80,2.0,3,1,2009,1
5177,26,2,220,3.2,0,1,2003,2
5406,42,3,68,1.4,3,1,2011,0
8490,18,0,150,3.5,1,1,2007,1
1380,18,2,98,3.7,3,1,2008,2
136,43,2,45,2.0,0,1,2013,0
4941,43,3,300,1.8,3,1,1998,0
8012,3,3,282,2.0,3,1,1995,2
4427,40,0,120,2.0,3,1,2008,1
3491,29,3,240,3.2,3,1,2004,0
5761,43,3,189,1.8,3,1,1993,0
6448,16,0,110,2.0,3,1,2007,1
4244,25,3,163,2.0,1,1,2005,0
5824,2,2,360,2.2,1,1,1990,1
5478,13,1,48,1.4,3,1,1989,0
1725,17,3,65,1.6,3,1,2011,0
6755,26,3,159,3.5,1,1,2006,2
4057,43,5,188,1.9,0,1,2006,0
1012,17,0,1,2.0,3,1,2016,0
6179,3,0,16,3.0,0,1,2015,1
8424,38,3,180,2.0,3,1,2006,1
6445,40,3,133,2.4,1,1,2008,0
4625,29,4,232,1.8,1,0,1999,0
7004,42,1,200,1.5,3,1,2002,0
7957,23,3,126,3.5,3,1,2007,0
1149,40,1,87,1.6,3,1,2008,0
2772,26,5,381,2.2,0,1,2006,2
3306,43,5,186,2.8,3,1,2000,0
4301,29,5,253,1.7,0,1,2003,0
6341,28,3,135,1.6,3,1,2008,0
5267,23,3,172,4.6,3,1,2008,2
7793,33,3,100,1.4,3,1,2006,0
1302,32,0,110,4.5,1,1,2006,1
3761,27,0,147,2.5,0,1,2008,1
4342,12,2,40,1.2,3,1,2013,0
8036,6,1,88,1.5,2,1,2008,0
1482,26,3,160,6.5,3,1,2008,2
7352,31,1,0,1.2,3,1,2016,0
1667,10,1,34,0.8,3,1,2012,0
5636,43,1,118,1.8,1,1,1993,0
3799,33,1,75,2.0,3,1,2013,0
6709,31,1,108,1.6,0,1,2008,0
8730,33,5,265,1.9,0,0,1999,0
7699,35,3,87,1.6,3,1,2009,0
6214,43,5,312,2.5,0,1,1998,0
677,39,0,128,2.0,1,1,2007,1
8081,23,0,9,2.0,3,1,2016,1
8375,6,0,173,1.7,3,1,2008,1
4391,40,0,2,4.6,3,1,2016,1
843,38,4,115,2.5,3,1,2008,1
2091,28,0,150,2.0,3,1,2012,1
5704,17,3,149,3.3,3,1,2008,0
2482,8,5,237,2.2,0,1,2007,0
2334,26,5,215,2.2,0,1,2011,2
58,32,0,73,3.0,0,1,2011,1
6098,45,3,76,1.5,3,1,2014,0
802,27,0,127,3.0,3,1,2008,1
280,3,3,284,1.9,1,1,2000,2
3984,13,0,83,2.5,1,1,2011,1
206,22,0,140,5.0,3,1,2010,1
7657,23,0,152,4.7,1,1,2007,1
18,28,0,0,1.6,0,1,2016,1
5286,17,0,184,2.0,1,1,2007,1
4647,40,0,0,2.0,3,1,2016,1
6365,25,0,76,2.5,3,1,2014,1
3203,42,3,314,1.5,3,1,2001,0
2596,2,4,333,2.5,0,0,2000,0
5864,43,5,240,2.0,0,1,2005,0
7055,37,0,106,2.0,0,1,2008,1
1819,17,3,107,1.4,1,1,2007,0
7421,31,3,120,1.4,3,1,2008,0
3370,42,3,300,1.5,3,1,2002,0
6089,18,0,49,3.5,3,1,2008,1
7319,43,1,300,1.6,1,1,1984,0
1983,3,3,160,2.5,3,1,2005,2
564,26,0,135,3.5,3,1,2007,1
360,22,0,63,4.4,0,1,2012,1
4403,21,3,150,2.0,1,1,2008,0
5122,42,1,80,1.5,1,1,1997,0
2855,27,0,142,2.4,3,1,2006,1
6866,28,1,85,1.6,2,1,2008,1
4852,6,0,263,2.4,3,1,2007,1
3682,43,1,130,1.4,3,1,2005,0
2293,26,3,167,1.8,3,1,2005,2
8296,43,3,73,1.6,1,1,2011,0
5419,12,5,265,1.9,0,1,2003,0
8741,35,1,220,1.6,1,1,2007,0
7669,3,2,280,2.5,3,1,1985,2
4269,5,3,21,1.3,3,1,2009,0
6945,6,3,51,2.4,1,1,2012,0
7995,43,3,110,2.0,0,1,2013,0
5983,8,5,300,1.9,0,1,2002,0
6389,28,3,110,1.6,3,1,2007,0
2880,21,3,153,2.0,1,1,2007,0
6578,3,3,122,2.0,3,1,2007,2
4706,3,3,250,3.0,0,0,2002,2
7465,26,5,386,2.2,0,1,2006,2
2326,13,3,200,2.5,3,0,2001,0
8764,30,1,50,1.0,3,1,2000,0
8388,16,0,243,2.0,1,1,2001,1
2277,3,2,300,2.2,3,1,2002,2
6954,2,4,1,2.5,0,0,1998,0
6263,42,3,70,1.6,3,1,2007,0
1618,43,2,112,2.0,0,1,2011,0
3321,29,3,185,1.4,1,1,1991,0
4954,3,3,297,2.2,3,1,2000,2
4209,2,2,124,3.0,0,1,2012,1
1294,21,1,91,1.6,3,1,2012,0
5451,35,3,147,1.6,1,1,2007,0
4686,3,3,170,2.0,0,1,2011,2
2344,26,3,148,2.2,0,1,2011,2
6353,25,3,80,1.8,1,1,2011,0
6602,43,3,320,1.8,1,1,1989,0
1129,28,0,30,1.2,3,1,2015,0
4573,43,5,167,1.4,3,1,2011,0
4498,3,4,320,2.8,1,1,1997,2
5423,23,2,90,4.3,3,1,2002,2
6245,6,1,112,1.8,1,1,2010,0
3368,35,2,185,1.9,0,1,2007,0
7239,10,3,225,2.0,1,1,1998,0
5246,43,1,56,2.0,3,1,2012,0
6176,42,3,82,1.6,3,1,2008,0
7524,38,0,140,2.0,3,1,2008,1
3927,20,0,200,4.0,1,1,2001,1
4415,29,3,270,2.0,3,0,1999,0
2279,27,3,165,1.6,3,1,2006,0
2648,28,5,104,1.4,3,1,2010,0
4368,43,3,185,1.4,3,1,2011,0
4528,33,5,118,1.5,0,1,2008,0
536,17,3,90,1.6,3,1,2011,0
1863,43,5,220,2.5,0,1,2003,0
1591,2,4,300,2.5,0,0,2002,0
1994,13,2,194,2.2,0,1,2013,0
5247,43,3,85,1.4,3,1,2013,0
8193,17,3,118,1.4,3,1,2007,0
5726,42,3,60,1.6,1,1,2011,0
8004,45,3,70,1.4,3,1,2013,0
4546,17,3,150,1.4,3,1,2008,0
5969,2,3,2,1.4,3,1,2016,0
6785,33,1,12,1.2,3,1,2013,0
730,40,3,185,3.5,3,1,2008,0
1258,35,4,220,1.2,3,1,2004,0
703,28,0,23,2.0,3,1,2010,0
7194,37,0,0,2.0,0,1,2014,0
203,35,3,135,1.8,3,1,2008,0
1873,2,1,34,1.4,3,1,2013,0
4148,5,3,110,1.5,1,1,2013,0
856,17,3,155,3.3,3,1,2006,0
2884,45,3,53,1.5,1,1,2012,0
3729,38,1,109,1.5,3,1,2008,1
3899,13,3,89,2.5,3,1,2008,0
106,3,3,214,1.9,3,0,2000,2
6909,17,1,112,1.4,2,1,2008,0
6499,27,3,133,1.6,3,1,2007,0
6563,3,3,220,2.2,1,1,2001,2
5348,26,5,266,2.2,0,1,2008,2
585,43,3,200,1.3,1,1,1991,0
3093,37,0,56,2.0,0,1,2013,1
1079,28,0,1,2.0,3,1,2015,0
8179,17,0,20,2.0,0,1,2014,1
7514,11,3,180,2.4,3,1,2008,0
7406,26,5,196,2.2,0,1,2002,0
123,26,2,51,3.0,0,1,2014,2
4471,17,0,230,2.0,0,0,2004,1
1104,29,5,202,1.6,1,1,2007,0
150,26,5,220,3.0,0,1,2012,2
1623,3,3,267,2.0,0,1,2002,2
1417,21,3,127,2.7,1,1,2008,0
5370,23,3,78,4.6,3,1,2013,1
4805,12,5,170,1.3,0,1,2007,0
7479,27,3,123,2.0,3,1,2009,0
2028,17,0,71,2.2,0,1,2012,1
8018,33,5,120,1.5,0,1,2012,0
2808,3,0,218,3.0,0,0,2006,1
6540,17,3,18,2.4,1,1,2014,0
1617,20,0,93,6.1,3,1,2007,1
2896,35,1,152,2.0,3,1,2008,0
7913,23,0,1,3.5,3,1,2016,1
763,13,2,1,2.3,3,1,2016,2
6021,28,4,180,2.0,1,1,2000,0
5956,43,5,300,2.4,0,1,2000,0
192,26,2,340,2.4,1,1,1998,2
409,40,3,151,1.6,1,1,2007,0
5304,28,5,90,1.6,1,1,2008,0
8234,16,3,75,2.0,1,1,2011,0
909,9,3,153,1.5,0,1,2008,0
1766,43,5,63,2.0,0,1,2013,1
6564,1,3,62,2.2,3,1,2009,0
7908,26,3,370,2.0,3,1,1997,2
8608,25,2,280,1.8,3,1,1991,0
5137,28,0,218,2.5,3,1,2003,1
3261,13,5,300,1.8,0,1,1998,0
5818,35,1,198,1.2,1,1,2004,0
3808,35,1,145,1.4,0,1,2010,0
7709,44,3,312,2.4,3,1,2000,0
7560,3,3,300,2.8,3,1,1999,2
5164,40,5,161,2.5,0,1,2002,2
3549,2,4,250,2.0,0,0,2006,0
3955,28,0,68,2.0,1,1,2011,0
1755,2,4,206,2.5,0,0,2003,1
2905,33,5,190,1.9,0,1,2002,0
5664,42,4,52,1.5,3,1,2006,2
5746,17,3,86,1.4,1,1,2009,0
4172,13,0,0,1.5,3,1,2016,0
7437,10,3,1,1.3,1,1,2004,0
1931,17,0,104,2.0,1,1,2009,1
3218,6,3,200,1.8,1,1,2006,0
1390,43,3,238,2.0,1,0,2002,0
4973,40,4,204,1.4,0,1,2005,0
8027,13,1,1,1.3,3,1,1988,0
1435,22,0,51,2.2,2,1,2013,1
3024,35,3,188,1.6,3,1,2005,0
8011,27,2,200,2.5,0,1,2007,1
1401,26,3,58,1.8,3,1,2010,2
6738,43,5,230,3.2,1,1,2008,0
1343,35,3,69,1.8,3,1,2010,0
8527,6,3,73,2.2,0,1,2013,1
6451,10,1,106,0.8,3,1,2006,0
2233,26,3,222,3.0,1,1,2007,1
7621,45,1,129,1.1,1,1,1999,0
85,3,3,186,3.0,3,1,2007,2
1577,35,1,122,1.6,3,1,2009,0
1595,25,0,165,2.3,3,1,2008,0
4882,21,5,267,2.9,0,0,2000,0
3245,42,4,65,1.6,3,1,2010,0
2978,35,3,175,1.6,3,1,2006,0
5308,35,1,205,1.8,1,1,2007,0
7383,43,3,116,2.0,0,1,2011,0
3511,3,3,194,2.0,3,1,1985,2
1675,16,0,1,2.4,3,1,2016,1
3645,43,4,243,1.9,0,0,1999,0
6603,6,3,170,2.0,1,1,2005,0
8205,43,1,170,1.4,3,1,2001,0
3818,8,1,117,1.6,3,1,2006,0
5784,33,5,188,1.5,0,1,2004,0
2282,26,3,400,2.9,0,1,1997,2
6279,35,3,67,1.8,3,1,2014,0
6904,35,1,145,1.2,1,1,2008,0
35,26,3,190,1.8,1,1,2011,2
3374,42,3,140,1.6,1,1,2007,0
3525,6,1,62,1.5,1,1,2009,1
7273,2,3,0,2.0,3,1,2016,1
193,3,0,70,3.0,0,1,2014,1
3451,25,3,206,1.8,3,0,1997,0
3999,16,0,169,2.0,1,0,2002,1
5195,13,3,130,2.5,1,1,2008,0
6676,13,5,123,1.8,0,1,2008,0
875,43,2,15,1.2,3,1,2014,0
6474,2,1,165,1.6,1,1,2006,0
2249,23,0,33,3.5,3,1,2013,1
7716,13,2,1,5.0,3,1,2016,2
1428,43,4,250,1.6,3,1,2003,0
3335,29,3,84,1.6,1,1,2008,0
5079,5,3,86,2.0,1,1,2008,0
4986,23,1,75,1.8,2,1,2011,0
7532,38,4,134,2.5,3,1,2006,1
1566,40,3,158,2.0,1,1,2009,0
4422,43,1,136,1.4,1,1,2001,0
1627,12,5,92,1.4,1,1,2013,0
1805,43,3,130,1.6,3,1,2012,0
29,7,3,70,2.4,3,1,2008,0
5554,17,0,106,2.7,3,1,2007,1
8728,6,3,200,2.0,1,1,2007,0
4447,42,2,5,1.6,1,1,2008,0
3389,18,3,86,3.5,3,1,2008,1
8598,13,1,150,1.3,2,1,1998,0
5594,5,3,22,1.3,1,1,2008,0
1738,40,0,260,4.7,1,1,2003,1
2274,29,3,158,1.6,3,1,2004,0
7942,2,1,60,1.2,3,1,2011,0
551,32,0,120,3.2,3,1,2005,1
6993,31,3,75,1.6,3,1,2013,0
482,28,0,107,2.0,1,1,2008,1
8410,35,1,180,1.4,3,1,2002,0
2408,25,0,79,2.3,3,1,2008,1
2785,10,3,133,1.3,1,1,2005,0
5193,27,0,100,3.2,0,1,2011,1
5678,8,1,176,1.6,3,1,2011,0
5203,43,5,460,1.9,0,1,1997,0
7471,43,1,121,1.9,0,1,1993,0
1420,3,4,245,3.0,1,1,2006,1
5760,27,2,114,2.0,3,1,1999,0
7435,45,3,82,1.2,3,1,2007,0
6338,43,2,171,1.6,0,1,2011,0
3611,29,3,430,1.6,1,1,1988,0
4096,28,0,188,2.0,1,1,2002,1
6990,17,0,55,2.0,3,1,2012,1
2480,3,2,86,3.0,3,1,2010,2
8604,40,2,300,1.6,3,1,1991,0
7059,36,1,0,0.9,3,1,2016,2
8751,29,2,1,2.0,3,1,1979,2
7316,42,3,91,1.5,3,1,2005,2
5111,3,0,80,3.0,3,1,2011,1
3169,13,5,215,2.0,0,1,2005,0
4324,40,3,75,2.5,1,1,2011,0
590,43,5,196,2.0,0,1,2011,0
1384,2,0,116,4.2,3,1,2008,1
643,26,0,96,3.5,3,1,2010,1
5250,16,3,180,2.0,3,1,2006,0
5047,29,3,300,1.8,3,1,1997,0
5063,2,3,225,2.4,3,1,2005,0
1862,29,3,180,1.4,3,1,2007,0
7150,1,3,150,2.2,3,1,2008,0
3790,33,5,190,1.5,0,1,2003,0
542,26,3,115,5.5,3,1,2011,1
7904,35,1,161,1.2,3,1,2011,0
5420,2,3,250,2.4,1,1,1998,0
3614,17,1,67,1.4,3,1,2011,0
1538,43,2,93,2.0,0,1,2012,0
7240,12,5,141,2.0,0,1,2012,0
2352,26,3,310,2.2,0,1,2005,2
930,26,5,175,2.2,0,1,2010,2
4982,43,5,175,2.0,0,1,2012,0
3350,3,2,130,2.5,3,1,2006,1
4554,2,3,200,6.0,3,1,2004,1
2524,12,1,145,1.6,3,1,2006,0
5586,20,0,118,2.4,1,1,2007,1
8251,35,1,57,1.8,3,1,2013,0
5617,3,3,277,3.5,1,1,1998,2
439,31,1,0,1.6,0,1,2016,0
2774,17,3,44,1.4,3,1,2013,0
2479,14,3,144,2.3,3,1,2008,2
443,5,3,83,1.6,3,1,2008,0
4356,3,3,135,2.5,3,1,2005,1
1791,40,3,135,2.4,3,1,2006,0
7581,33,5,199,1.9,0,1,2000,0
4435,26,5,280,2.2,0,1,2001,0
8526,42,1,77,1.5,1,1,1996,0
6243,23,3,167,3.5,3,1,2009,1
2653,35,3,160,1.2,3,1,2006,0
8693,42,3,106,1.6,3,1,2006,0
6579,28,0,45,2.0,3,1,2013,1
6622,3,3,270,3.0,0,1,2003,2
630,13,2,200,4.6,1,1,1994,2
7556,31,2,135,2.0,3,1,2005,0
6570,33,4,190,1.5,0,1,2011,0
8394,5,3,223,2.0,3,1,2008,0
6565,21,1,89,1.1,3,1,2006,0
591,3,3,147,3.0,0,1,2009,2
7656,38,1,96,2.5,3,1,2008,1
3753,43,3,200,1.4,3,1,2000,0
6573,5,3,80,1.6,1,1,2009,0
4953,2,3,371,2.2,1,1,1987,0
4919,26,3,235,2.2,0,1,1999,2
1322,10,3,180,1.5,3,1,2012,0
3876,40,0,70,3.0,0,1,2015,1
3559,10,3,135,1.5,3,1,2006,0
522,2,3,270,2.5,0,0,2000,0
8047,3,3,238,1.8,3,1,1996,2
3856,45,1,86,1.2,3,1,2004,0
959,16,0,0,1.6,0,1,2016,1
59,32,0,53,3.6,3,1,2013,1
4366,26,3,110,1.8,3,1,2011,2
6526,21,0,53,1.6,3,1,2013,0
7193,17,4,42,1.8,3,1,2011,0
518,26,3,97,2.2,0,1,2011,2
2096,2,3,294,3.0,1,1,2004,0
1727,26,3,460,2.0,3,1,1991,2
282,22,0,60,5.0,3,1,2014,1
2167,26,5,285,2.2,0,1,2001,0
6686,25,1,49,1.5,3,1,2009,0
943,32,3,46,4.8,3,1,2011,1
831,43,3,87,1.6,3,1,2011,0
6929,28,2,96,3.5,3,1,2008,0
3547,17,3,134,2.0,1,1,2012,0
6080,26,3,150,5.5,3,1,2008,1
5389,2,4,316,2.6,1,1,1997,1
2699,28,5,69,1.4,3,1,2010,0
3738,27,1,250,1.3,1,1,2006,0
470,17,0,106,2.0,1,1,2007,1
2162,27,0,210,2.4,1,1,2007,1
6680,45,3,120,1.2,3,1,2008,0
7101,18,3,49,2.5,3,1,2013,2
262,16,3,145,2.0,1,1,2008,0
5253,3,3,65,2.0,3,1,2013,2
2442,2,2,170,3.0,0,1,2010,1
762,35,1,163,1.8,3,1,2006,0
1128,20,2,257,2.5,0,1,1997,1
4446,21,3,69,1.6,1,1,2013,0
5227,33,4,180,1.6,1,1,2010,0
6802,0,3,145,3.2,1,1,2005,0
3739,29,5,154,1.3,0,1,2011,0
4392,19,3,78,3.0,3,1,2013,2
4287,13,1,350,2.0,3,1,1986,2
6719,23,3,200,3.0,3,0,1997,2
3908,30,3,37,1.5,3,1,2013,0
1222,43,5,280,1.6,0,1,2011,0
6092,3,3,38,2.0,3,1,2013,2
3976,41,0,117,2.7,3,1,2008,1
3447,17,3,87,2.4,3,1,2011,0
69,32,0,135,4.8,3,1,2008,1
5228,17,3,67,1.8,3,1,2012,0
2717,31,2,112,1.6,0,1,2007,0
4745,43,3,78,1.6,3,1,2012,0
7188,26,3,358,5.0,1,1,2003,1
2371,16,3,0,1.6,3,1,2016,0
4482,3,2,85,4.4,3,1,2004,2
111,40,0,120,4.0,3,1,2007,1
6619,26,3,1,2.0,0,1,1979,2
1042,26,4,400,2.2,0,0,2002,0
1958,26,3,300,2.7,0,1,2003,2
2848,9,3,147,1.4,3,1,2007,0
955,13,0,109,2.0,0,1,2010,1
5048,44,3,135,1.6,3,1,2009,0
178,2,3,225,2.4,1,1,1998,0
4577,29,5,220,1.8,3,1,2007,0
7054,27,3,160,2.0,1,1,2007,0
3662,43,5,1,2.5,0,1,2000,0
670,2,3,259,3.0,0,0,2005,1
7235,30,0,116,2.4,3,1,2006,1
3372,42,4,50,1.5,3,1,2000,0
1284,43,3,250,1.9,0,0,2000,0
4705,22,0,138,4.4,3,1,2008,1
494,38,0,160,3.0,3,1,2006,1
4087,2,0,28,3.0,0,1,2014,1
2354,27,2,1,2.5,0,1,2016,1
1864,17,5,170,1.6,3,1,2005,0
650,3,3,270,1.8,3,0,1995,2
2078,25,1,93,1.6,1,1,2011,0
6144,43,5,193,2.5,0,1,2005,0
7967,20,2,210,5.2,1,1,1996,1
5581,10,3,132,1.5,3,1,2005,0
2030,26,5,245,2.2,0,1,2002,0
3377,12,5,193,1.4,3,1,2007,0
924,13,0,113,2.0,0,1,2014,1
5178,26,3,440,2.0,3,1,1978,2
5496,21,3,10,2.0,3,1,2009,0
684,43,4,161,2.0,0,1,2008,0
6383,43,3,272,2.8,1,1,2002,1
3712,27,0,96,2.5,0,1,2011,1
6244,42,1,70,1.6,3,1,2008,0
5192,29,4,210,2.5,0,0,2001,2
4284,42,3,138,1.6,1,1,2011,0
826,40,3,142,2.4,3,1,2007,0
7390,13,1,99,1.6,3,1,2012,0
6329,8,5,215,1.9,0,1,2006,0
3198,42,3,160,1.6,3,1,2007,0
3021,2,3,365,4.2,1,1,1995,1
3825,19,3,17,3.0,3,1,2009,2
7587,3,3,240,2.0,0,1,2001,2
7249,33,3,0,1.5,0,1,2016,0
7624,18,0,55,4.5,1,1,2007,1
3544,21,0,125,2.0,1,1,2010,0
6328,35,3,234,2.0,1,1,2006,0
1739,35,3,72,1.8,3,1,2013,0
2735,2,3,245,3.0,0,1,2006,1
834,40,2,60,4.5,0,1,2013,1
2184,26,5,262,2.3,0,1,1998,2
6101,0,0,82,3.7,3,1,2008,1
3085,17,3,28,1.4,3,1,2008,0
1927,23,0,162,3.3,3,1,2006,1
1961,43,0,36,3.0,0,1,2015,1
1361,33,5,73,1.5,0,1,2012,0
1662,6,3,132,1.8,1,1,2007,0
3015,10,1,11,1.5,1,1,2013,0
1110,3,3,170,2.2,3,1,2001,2
4747,35,3,235,1.9,2,0,2006,0
822,6,2,80,6.0,3,1,2006,2
1541,39,0,92,2.0,3,1,2006,1
3938,33,3,215,1.9,0,0,2005,0
392,43,2,180,1.9,0,1,2010,0
2857,43,1,195,1.4,0,1,2004,0
6057,21,2,112,1.6,0,1,2010,0
2807,10,3,158,1.3,1,1,2005,0
7576,6,3,75,1.6,1,1,2012,0
7862,13,3,79,2.0,3,1,2012,0
5685,13,1,170,1.3,3,1,2004,0
8550,6,1,52,1.4,2,1,2014,0
618,17,3,59,1.4,3,1,2012,0
2065,43,5,224,2.5,0,1,2006,0
8303,36,2,181,0.7,3,1,2003,2
4574,30,3,66,1.3,3,1,2007,0
2780,33,4,117,1.5,0,1,2008,0
2680,3,0,35,3.0,3,1,2011,1
8457,3,3,250,2.0,3,1,2003,2
1800,28,1,140,1.6,3,1,2007,0
1135,28,0,56,2.0,3,1,2012,1
7877,23,3,146,3.0,3,1,2006,2
4335,23,0,215,3.0,3,1,2006,1
458,26,5,190,2.2,0,1,2009,2
2718,29,3,260,2.5,3,0,1997,0
7627,22,0,0,2.2,0,1,2016,1
8316,42,3,202,1.5,1,1,2006,0
4183,29,3,180,2.2,1,1,2006,0
6654,27,0,200,2.0,1,1,2006,1
5371,30,0,270,5.4,1,1,1998,1
8174,33,4,180,1.5,0,1,2012,0
4480,35,1,200,2.0,3,1,2007,0
8343,40,2,180,2.5,0,1,2007,1
8395,2,0,242,2.5,0,0,2003,1
2034,35,1,172,1.6,3,1,2006,0
7130,3,4,159,3.0,0,1,2008,2
6229,3,0,280,3.0,0,1,2005,1
8827,42,3,130,1.5,1,1,2007,0
7667,26,5,368,2.2,0,1,2000,0
918,25,0,205,2.3,1,1,2008,1
1240,32,0,211,4.5,3,1,2006,1
6839,3,3,134,4.4,3,1,2005,2
8284,35,3,89,1.6,3,1,2012,0
7219,42,3,65,1.6,3,1,2014,0
1355,40,3,157,3.5,3,1,2011,0
4859,2,3,320,2.8,3,1,1992,0
2904,35,3,99,1.6,3,1,2011,0
5316,8,3,200,2.0,3,1,2002,0
2723,17,3,0,2.0,3,1,2016,0
5937,25,3,250,2.5,3,1,1996,0
3077,16,3,130,2.4,3,1,2008,0
420,22,0,99,5.0,3,1,2010,1
7446,35,3,180,1.6,1,1,2002,0
8605,21,0,255,2.0,1,1,1997,1
1442,21,3,67,2.0,3,1,2011,0
1324,13,3,200,2.5,3,1,2001,0
1649,17,0,127,2.2,0,1,2012,1
5104,26,5,180,2.3,0,1,1998,0
3517,21,1,63,1.4,3,1,2010,0
5068,40,0,238,4.0,1,1,2004,1
3497,2,4,249,2.5,0,0,2004,0
3628,40,1,51,1.6,3,1,2013,0
1625,31,2,32,1.6,3,1,2013,0
7372,3,3,272,2.8,3,1,1996,2
8844,17,0,140,2.0,1,1,2011,0
6975,25,1,0,1.5,3,1,2016,1
4854,13,2,90,3.0,3,1,2000,1
5541,42,0,125,1.6,3,1,1985,1
2562,6,3,140,2.0,3,1,2007,0
6726,8,1,94,1.6,0,1,2013,0
8483,13,1,170,1.4,0,1,2007,0
5958,43,5,244,2.5,0,1,2001,0
4308,31,3,190,2.0,1,1,2007,0
7659,17,0,102,2.0,3,1,2008,1
1737,16,3,69,2.4,3,1,2012,0
8209,28,0,130,2.0,3,1,2008,1
2695,43,5,128,1.9,0,1,2010,0
2595,44,0,165,3.0,3,1,2008,1
5217,3,3,180,2.0,3,1,2002,2
1517,27,0,150,2.0,1,1,2007,1
3901,13,3,80,2.0,3,1,2011,0
1270,31,1,23,1.6,3,1,2012,0
5829,6,3,77,1.8,1,1,2011,0
5061,31,3,155,2.0,3,1,2007,0
4715,43,5,70,2.0,0,1,2013,0
7047,35,4,174,1.4,3,1,2001,0
8437,2,3,234,4.2,1,0,2004,1
5795,23,0,140,4.7,3,1,2006,1
4064,31,2,39,1.6,3,1,2009,0
603,32,3,29,3.0,3,1,2014,1
5770,29,0,290,2.4,1,1,1997,1
6323,33,5,212,1.5,0,1,2009,1
3649,8,5,1,1.6,0,1,2016,0
1871,3,4,125,3.0,0,1,2006,1
198,2,3,18,1.8,2,1,2015,0
8042,40,3,140,1.4,3,1,2012,0
4132,3,0,80,3.0,0,1,2012,1
1905,43,3,223,2.5,0,1,2007,0
5831,26,5,244,2.2,0,1,2000,0
3262,40,1,91,1.6,3,1,2007,0
5868,28,0,200,2.2,0,1,2006,1
3650,45,3,1,1.5,3,1,2015,0
8842,43,0,155,2.0,0,1,2011,1
4113,12,1,49,1.4,3,1,2007,0
5807,33,5,222,1.5,0,1,2009,0
4347,21,0,82,2.2,0,1,2013,1
7600,17,0,0,2.0,3,1,2016,1
7359,2,0,125,4.2,3,1,2008,1
6961,29,3,200,1.6,3,0,1996,0
1125,2,0,27,3.0,0,1,2013,1
362,38,3,125,2.0,3,1,2007,1
3685,29,3,270,2.0,1,1,1989,0
4548,29,4,246,2.2,0,1,2003,2
8718,40,3,150,2.4,3,1,2007,0
2024,3,3,237,2.5,3,1,1990,2
4555,33,1,127,2.0,1,1,2006,0
2502,43,0,173,3.0,0,1,2008,1
972,2,3,0,3.0,3,1,2016,1
1683,21,3,120,2.0,2,1,2007,0
2641,3,0,87,3.0,0,1,2011,1
363,3,3,78,2.0,3,1,2012,2
1315,32,0,117,4.8,3,1,2007,1
2300,22,0,95,5.0,3,1,2010,1
6574,26,3,260,3.0,0,1,1997,2
5054,35,4,198,1.6,0,1,2012,0
8080,26,0,140,5.5,1,1,2008,1
5566,38,3,75,2.0,3,1,2008,1
8636,6,4,99,1.8,1,1,2007,0
1223,44,0,164,2.4,0,1,2011,1
1902,26,3,76,6.0,3,1,2010,2
2381,33,3,90,1.4,1,1,2008,0
8128,32,0,153,4.8,3,1,2007,1
729,25,0,79,3.5,3,1,2008,1
1631,18,0,82,3.0,0,1,2012,1
8825,29,5,98,2.0,0,1,2013,0
240,6,3,80,1.5,3,1,2011,0
8672,42,1,107,1.6,3,1,2008,0
817,36,2,69,1.0,3,1,2009,2
2045,40,3,144,3.5,1,1,2007,0
5151,10,1,90,0.8,3,1,2006,0
868,43,1,41,1.0,3,1,2012,0
102,40,0,0,4.5,3,1,2016,1
803,27,0,120,3.0,3,1,2008,1
2007,43,5,159,1.9,0,1,2009,0
3318,29,3,190,2.2,3,1,2008,0
7347,12,4,124,1.3,0,1,2011,0
1269,18,0,1,3.0,0,1,2016,1
3046,26,5,75,2.0,0,1,2011,2
5096,43,3,230,2.0,1,1,1996,0
6833,42,1,121,1.4,3,1,2008,0
1247,43,5,230,2.0,0,1,2011,0
229,21,1,35,1.6,3,1,2012,0
6482,43,3,200,1.8,3,1,1989,0
5387,23,0,125,3.5,3,1,2013,1
1190,29,5,287,1.7,0,1,2003,0
604,4,2,20,6.0,3,1,2008,1
5101,17,0,72,2.0,1,1,2011,1
7633,12,4,112,1.4,2,1,2007,0
2254,30,3,15,0.7,2,1,2015,1
5189,13,5,216,1.8,0,1,2010,0
1426,17,3,140,1.5,0,1,2008,0
4688,26,3,180,2.2,0,1,2012,2
6107,40,3,66,2.5,3,1,2011,0
2066,40,3,147,2.4,3,1,2010,0
8076,2,3,58,2.0,3,1,2014,1
6568,27,2,68,1.8,3,1,2011,0
5804,8,5,160,1.9,0,1,2005,0
6920,21,0,34,2.0,1,1,2012,1
1676,27,0,78,2.4,3,1,2012,1
6376,2,3,90,2.2,1,1,1994,1
5974,26,5,280,2.2,0,1,2005,2
5734,7,3,97,3.5,3,1,2006,2
8100,42,1,15,1.5,3,1,1994,0
7447,2,4,200,2.7,3,1,2003,1
5369,27,0,11,2.5,0,1,2012,1
4251,45,3,85,1.2,3,1,2008,0
1017,2,0,71,2.0,3,1,2011,1
5638,40,2,220,1.8,3,1,2001,0
3059,16,3,113,1.8,1,1,2008,0
8324,21,3,115,1.6,1,1,2008,0
5739,29,3,169,2.0,3,1,2010,1
2395,40,3,126,1.6,3,1,2008,0
5599,43,5,300,2.5,0,1,2004,0
5289,25,0,95,2.3,1,1,2007,1
3235,2,4,253,1.8,1,0,1997,1
8664,33,4,200,2.0,1,1,1987,0
4278,23,3,110,4.6,3,1,2010,1
2779,10,1,72,0.8,3,1,2008,0
4080,35,4,109,2.0,3,1,2001,0
5043,2,3,330,2.4,3,1,1999,0
8202,43,0,84,3.0,0,1,2011,1
679,23,3,107,2.5,3,1,2007,2
1661,43,5,214,1.9,0,1,2001,0
3438,43,5,170,1.6,0,1,2012,0
8359,28,0,75,3.5,1,1,2009,1
4572,3,3,26,3.0,0,0,2001,2
8349,40,0,80,3.5,1,1,2012,1
528,27,0,197,3.0,1,1,2006,1
1460,43,3,197,2.0,3,1,1996,0
6496,28,0,89,1.6,3,1,2011,0
4273,9,3,9,1.4,3,1,2008,0
7650,24,2,119,1.4,0,1,2003,0
6964,26,3,300,2.0,1,0,1998,2
2155,3,0,1,2.0,0,1,2016,1
5480,33,3,101,2.0,3,1,1997,0
1120,18,0,1,2.5,3,1,2015,1
5777,3,3,245,3.0,0,1,2001,2
321,33,5,230,2.0,0,1,2009,0
606,3,0,250,3.0,0,1,2004,1
6054,43,2,181,1.6,0,1,2012,0
3128,13,1,52,1.4,3,1,2010,0
7425,28,0,95,5.6,3,1,2008,1
7825,8,5,265,2.0,0,1,2001,0
6115,43,0,130,2.5,0,1,2008,1
8369,28,3,48,2.5,3,1,2013,0
1714,38,0,0,2.0,0,1,2016,1
1686,19,3,56,2.0,3,1,2013,2
1536,30,0,42,2.4,1,1,2013,0
7972,6,3,160,2.0,1,1,2005,0
4410,15,3,108,1.5,1,1,2011,0
3466,8,4,149,1.4,3,1,2008,0
5605,43,3,250,2.8,1,0,2002,1
5946,16,3,178,1.8,3,1,2008,0
2500,29,5,108,2.0,0,1,2012,0
3674,42,1,150,1.5,3,1,1994,0
3319,23,3,178,3.0,1,1,2003,0
6580,43,3,88,1.8,1,1,1993,0
7601,30,0,100,2.2,1,1,2008,1
7198,43,3,220,1.8,1,1,2002,0
4543,43,5,121,2.0,0,1,2014,0
5548,33,5,300,1.9,0,1,2006,0
3837,31,5,362,2.0,0,1,2002,0
8625,16,3,84,2.0,3,1,2011,0
6700,13,2,0,2.2,0,1,2016,1
2305,29,5,145,2.0,0,1,2013,0
7661,28,5,153,3.5,2,0,2004,2
4256,23,4,127,3.0,1,1,2002,1
2773,35,1,260,1.6,1,1,2003,0
770,26,0,253,5.0,3,1,2003,1
5140,26,0,99,5.5,3,1,2009,1
5373,10,2,78,1.5,3,1,2011,0
4885,16,3,110,2.0,3,1,2011,0
4719,13,2,173,2.2,0,1,2007,0
6041,35,4,73,1.4,3,1,2007,0
1671,27,0,150,3.5,1,1,2008,1
7324,10,3,101,1.5,3,1,2008,0
3187,40,1,17,1.0,3,1,2016,0
3463,31,5,248,2.0,0,1,2006,0
3132,42,1,125,1.5,3,1,2003,0
7256,21,3,44,1.4,1,1,2013,0
907,25,3,87,1.3,3,1,2006,2
6378,17,3,190,2.0,3,1,2006,0
4175,31,2,88,1.6,3,1,2010,0
605,43,2,146,1.6,0,1,2012,0
1106,3,3,255,2.8,3,1,1998,2
283,38,0,210,2.0,3,1,2005,1
3546,29,4,140,1.6,3,1,2004,0
8245,40,1,74,1.4,2,1,2010,0
332,40,3,131,3.5,1,1,2007,0
6915,13,3,15,1.0,3,1,2015,0
68,16,3,52,3.5,1,1,2014,0
7360,40,3,80,2.5,1,1,2014,0
5108,33,3,97,1.6,3,1,2008,0
6317,35,3,6,1.8,3,1,2016,0
5555,29,4,212,2.5,0,1,2002,2
4889,27,3,207,1.6,1,1,2007,0
6861,33,2,141,1.5,2,1,2012,0
115,43,3,67,2.0,0,1,2013,0
5134,33,5,250,1.9,0,1,2006,0
1833,26,5,255,2.2,0,1,2004,0
8221,40,3,138,3.5,3,1,2007,0
8207,42,4,12,1.5,3,1,1998,2
5381,16,3,90,2.4,3,1,2010,0
7387,3,3,115,5.0,3,1,2008,1
588,26,3,84,5.5,3,1,2011,1
3045,31,1,68,1.0,3,1,2012,0
2453,35,3,196,1.8,3,1,2005,0
7088,28,3,25,1.6,3,1,2011,0
1478,3,0,160,4.8,1,1,2008,1
7114,30,3,95,1.8,1,1,2007,0
386,38,2,103,2.0,0,1,2009,1
1974,27,3,170,1.6,3,1,2004,0
1892,21,1,124,1.4,3,1,2008,0
2714,31,1,176,1.6,1,1,2005,1
7377,43,5,160,1.9,0,1,2009,0
747,40,0,0,4.5,0,1,2016,1
479,3,3,335,2.8,3,1,1996,2
5651,36,1,141,0.6,3,1,2001,2
3996,33,4,216,1.5,0,1,2012,1
4242,42,3,150,1.6,3,1,2008,0
1601,13,3,15,2.0,3,1,1988,2
5577,17,5,141,1.6,3,1,2005,0
8017,27,3,136,2.0,3,1,2008,0
7455,12,2,200,2.0,1,1,1996,0
7522,43,5,253,2.5,0,1,2008,0
8737,37,0,140,2.0,0,1,2007,1
7392,40,0,119,4.0,1,1,2008,1
7181,17,3,71,1.4,2,1,2008,0
3620,42,3,200,1.6,3,1,1978,2
3111,43,2,240,2.5,0,1,2005,2
1276,10,3,190,1.5,3,1,2001,0
1483,33,5,159,2.0,0,1,2010,0
6235,25,0,41,2.2,0,1,2014,1
1852,13,0,87,2.5,3,1,2010,1
4068,33,3,140,1.4,3,1,2011,0
7000,25,2,99,1.6,3,1,2009,0
686,40,3,189,2.4,1,1,2007,0
2360,31,1,1,1.6,0,1,2015,0
1796,3,3,241,2.0,3,1,1998,2
8041,43,3,133,1.6,3,1,2012,0
7405,21,3,11,1.4,3,1,2015,0
3312,17,5,148,2.5,0,1,2008,2
7326,25,3,25,2.0,3,1,2015,0
97,40,0,40,2.7,3,1,2011,1
6493,30,3,410,1.6,1,1,2015,0
2349,42,0,1,1.7,3,1,2015,1
5525,33,5,142,1.9,0,1,2007,0
8684,42,1,123,1.6,3,1,2009,0
4796,29,1,85,1.6,3,1,2012,0
4707,26,0,16,3.0,0,1,2013,1
8403,23,0,167,3.5,3,1,2007,1
462,36,1,91,0.6,3,0,2002,2
4993,27,0,140,2.4,1,1,2007,1
7763,26,0,242,2.7,0,1,2005,1
7546,23,3,179,2.2,0,0,2006,0
3105,16,0,122,2.4,1,1,2007,1
5507,27,3,106,2.0,1,1,1997,0
6467,39,0,136,2.0,3,1,2007,1
6693,43,5,143,2.0,0,1,2012,0
329,23,0,60,5.7,3,1,2011,1
6485,28,0,70,2.0,3,1,2010,0
4171,13,5,600,2.4,0,1,2001,2
6129,10,3,1,1.5,1,1,2007,0
7293,25,3,67,1.6,3,1,2009,0
5391,31,3,205,2.2,1,1,2004,0
1757,6,3,120,1.6,3,1,2007,0
7400,40,0,45,3.5,3,1,2015,1
8370,13,3,96,1.6,3,1,2011,0
7346,6,2,1,2.0,3,1,2016,2
1243,42,1,137,1.4,1,1,2010,0
2108,26,5,281,2.2,0,1,2004,2
2503,29,2,202,2.0,0,1,2008,0
4793,26,2,230,1.8,3,1,2006,2
1680,33,5,1,1.6,0,1,2015,0
7211,39,1,114,1.6,3,1,2009,0
6706,13,0,0,2.0,0,1,2016,1
4266,3,2,26,2.0,0,1,2015,2
483,3,0,152,3.0,0,1,2008,1
6211,19,3,196,3.0,3,1,2007,1
1402,10,3,128,1.5,1,1,2008,0
6331,43,3,500,1.9,0,1,1995,0
4944,38,2,165,2.0,3,1,2007,1
5572,14,5,95,2.9,1,1,2011,2
2640,40,0,80,4.0,3,1,2013,1
2448,23,0,150,4.7,1,1,2007,1
6819,33,4,184,1.5,0,1,2011,0
5713,35,1,145,1.2,3,1,2007,0
6830,21,0,0,2.2,0,1,2015,1
7688,17,1,76,1.1,3,1,2011,0
4717,33,4,150,1.9,0,0,2003,0
6199,26,5,400,2.2,0,1,1999,0
415,2,0,205,4.2,1,1,2007,1
3338,3,2,160,3.0,3,1,2011,2
6414,6,3,105,2.5,3,1,2007,0
8803,10,3,87,1.6,3,1,2008,0
3234,10,3,169,1.5,3,1,2008,0
5380,27,0,112,3.0,1,1,2008,1
1987,0,3,150,3.5,1,1,2008,1
3435,6,3,96,1.6,1,1,2008,0
2789,28,0,100,2.5,3,1,2006,1
8155,21,3,250,1.8,3,1,1997,0
4819,28,3,283,2.0,1,1,1996,0
2635,29,5,145,1.9,0,1,2006,0
2611,10,3,68,1.5,1,1,2007,0
2402,43,4,115,1.8,3,1,2012,0
3670,26,0,210,3.2,0,1,2007,1
1501,26,3,162,5.5,3,1,2007,1
882,3,0,117,3.0,3,1,2011,1
7811,15,3,175,1.6,1,1,2008,0
1881,29,3,336,2.0,1,1,1998,2
6375,10,2,182,1.5,3,1,2008,1
6773,44,3,168,2.0,3,1,2000,0
3294,12,5,221,2.0,0,1,2007,0
2363,22,0,45,5.0,3,1,2013,1
5287,35,1,60,1.2,3,1,2011,0
1865,3,3,334,2.0,0,0,1999,2
2298,42,3,130,1.6,3,1,2005,0
2012,34,1,98,1.6,3,1,2009,0
5676,27,0,139,2.4,1,1,2011,1
2428,16,2,82,2.4,3,1,2008,0
5469,40,3,185,3.0,1,1,2004,0
8689,40,5,1,3.5,3,1,2016,1
1978,43,5,260,2.5,0,1,2008,0
1001,26,5,290,2.2,0,1,1999,0
361,13,1,150,1.4,3,1,2007,0
8477,37,0,42,2.0,0,1,2014,0
8334,43,3,143,2.0,0,1,2010,0
6862,26,2,250,3.2,0,1,2007,1
3972,42,0,117,1.7,3,1,2008,1
3051,27,3,145,2.0,3,1,2009,0
3860,29,4,143,1.91,0,1,2008,0
4599,2,3,177,4.2,3,1,2008,1
3378,42,3,96,1.6,1,1,2008,0
265,43,5,240,1.9,0,1,2005,0
4145,17,3,115,1.5,0,1,2009,0
127,3,2,163,4.8,3,1,2008,1
3436,10,3,126,1.5,3,1,2007,0
4935,42,3,1,1.6,3,1,1977,2
1170,2,0,130,3.0,0,1,2010,1
2196,39,0,130,2.7,3,1,2007,1
1208,45,1,189,1.3,1,1,2004,0
3911,18,0,137,4.5,1,1,2004,1
7459,2,4,225,2.5,0,1,2004,1
1579,3,3,270,2.0,0,0,1998,2
3349,43,1,182,1.9,0,0,1998,0
2672,29,1,188,1.3,0,1,2005,0
1695,22,0,190,3.6,0,1,2008,1
6314,33,2,227,1.4,1,1,2005,0
2698,26,5,0,2.2,0,1,2016,2
7539,33,5,64,2.0,0,1,2014,0
2031,29,4,95,1.4,3,1,2012,0
1562,2,4,240,2.0,3,1,2002,0
6051,40,1,118,1.6,3,1,2008,0
5485,3,3,155,2.0,0,1,2012,2
7250,17,3,50,1.6,3,1,2013,0
7053,33,1,148,1.5,0,1,2012,0
4310,35,3,91,1.8,3,1,2012,0
6796,3,0,215,3.0,0,1,2006,1
4671,26,3,134,5.0,3,1,2008,1
2931,29,1,240,1.8,3,0,1998,0
8616,33,5,149,1.5,0,1,2013,0
2817,37,0,51,2.0,0,1,2011,1
1600,3,3,300,3.0,0,0,1999,2
5631,13,0,169,2.0,0,1,2008,1
7263,29,5,305,1.9,0,1,2005,0
2505,23,0,180,3.0,1,1,2004,1
4486,26,3,190,2.6,3,1,2001,2
6127,42,3,79,1.6,1,1,2012,0
3090,31,3,240,1.8,3,1,2005,0
3819,35,4,140,1.6,0,1,2012,0
2775,35,3,105,1.6,0,0,2012,0
1630,3,3,290,2.0,0,0,1999,0
300,17,3,98,1.4,3,1,2011,0
0,13,0,68,2.5,1,1,2010,1
1563,3,3,350,2.5,0,1,1998,2
4126,2,0,140,3.0,0,1,2013,1
4992,40,3,122,7.2,3,1,2011,0
3703,28,3,1,2.0,3,1,1994,0
5483,13,1,2,2.0,1,1,1987,2
8302,25,5,212,1.8,3,0,2004,0
912,12,5,128,1.3,0,1,2013,0
15,26,0,0,3.0,3,1,2016,1
365,28,0,0,1.6,3,1,2016,0
2912,21,3,72,2.0,1,1,2007,0
4184,17,4,3,1.6,0,1,2014,0
373,22,0,70,4.4,0,1,2012,1
8,26,3,125,2.2,0,1,2010,2
7671,13,5,31,1.5,0,1,2015,0
8489,16,1,228,1.7,0,0,2003,0
3684,23,3,118,3.5,2,1,2007,0
1126,27,0,129,2.5,0,1,2007,1
7075,43,1,230,1.6,3,1,2000,0
6687,3,0,210,3.0,0,0,2006,1
4135,3,0,1,2.0,0,1,2016,1
3730,29,1,110,1.2,3,0,1998,0
4317,2,3,450,2.5,0,0,1996,0
4207,26,3,240,3.2,2,0,2005,2
379,43,4,210,1.9,0,1,2008,0
140,22,0,139,3.6,0,1,2008,1
2544,22,0,136,2.2,0,1,2010,1
8274,35,4,300,1.3,1,1,1996,0
1181,2,4,257,2.5,0,1,2003,0
8105,33,5,171,1.5,0,1,2013,0
1480,29,4,240,2.2,1,0,2001,0
6672,21,0,202,2.5,0,1,2007,1
1422,26,5,0,2.2,0,1,2016,2
681,42,3,67,1.6,3,1,2013,0
1530,26,5,207,2.2,0,1,2003,0
1658,29,3,103,2.2,1,1,2008,0
8787,23,0,270,4.7,1,1,2005,1
2859,43,0,178,3.0,0,1,2008,1
6614,3,1,79,1.6,3,1,2013,2
6456,43,0,194,3.2,1,1,2004,1
2424,29,5,177,2.0,0,1,2012,0
6247,13,5,45,1.8,0,1,1999,0
1521,43,5,181,1.6,0,1,2011,0
2989,26,3,97,1.8,3,1,2012,2
3230,27,3,98,2.0,3,1,2009,0
6426,3,3,1,1.5,3,1,2015,2
967,36,2,53,1.0,3,1,2012,2
3126,28,1,64,1.6,3,1,2012,0
6271,43,2,200,1.9,0,1,2007,0
7884,40,1,160,1.0,3,1,1999,0
6010,33,4,215,1.5,0,1,2008,0
4704,26,3,1,3.0,0,1,2016,1
8747,42,3,87,1.3,3,1,1992,2
8721,13,3,250,2.0,3,1,1990,2
227,33,4,185,1.5,0,1,2011,0
5041,3,3,280,3.0,0,0,1999,2
7129,21,5,300,2.2,0,1,1998,2
459,22,0,57,3.0,0,1,2013,1
8839,26,1,155,1.5,3,1,2005,0
5907,43,3,2,1.8,3,1,1989,0
8002,43,5,258,2.5,0,1,2001,0
5173,26,2,248,2.0,3,0,1999,2
477,26,2,120,2.6,3,1,2004,2
8628,27,3,148,1.6,3,1,2008,0
3248,33,1,21,1.6,3,1,2011,0
4414,29,3,1,2.0,1,0,1999,2
2560,43,4,187,2.0,0,1,2008,0
4091,32,0,68,4.8,3,1,2007,1
5497,26,3,190,2.0,3,1,2002,2
6326,33,4,186,1.5,0,1,2004,0
8627,30,1,95,1.5,3,1,1992,0
8435,29,5,245,1.3,0,1,2007,0
1201,3,3,200,2.0,0,0,2002,2
6238,9,4,150,1.6,3,1,2007,0
8680,25,5,80,2.0,3,1,2008,0
2601,10,3,37,1.5,1,1,2009,0
2782,3,3,190,2.0,3,0,2000,2
5880,13,0,61,2.0,0,1,2012,1
2106,25,3,29,2.0,3,1,2015,0
1291,45,1,112,1.2,3,1,2003,0
6788,2,3,80,2.0,3,1,2013,0
7275,30,2,43,1.0,3,1,2014,0
662,42,3,160,1.5,3,1,2006,0
3514,2,3,360,2.5,0,1,1997,0
958,43,2,120,1.4,3,1,2012,0
1320,2,0,95,3.0,0,1,2014,1
3030,35,3,167,1.2,3,1,2011,0
3581,43,5,140,2.0,0,1,2010,1
8580,28,0,150,3.5,1,1,2005,1
2594,13,1,140,1.6,0,1,2006,0
5967,29,3,300,1.6,3,1,1982,0
2466,40,0,146,2.7,1,1,2006,1
5931,26,2,356,2.3,3,1,1991,2
5009,27,0,0,2.0,3,1,2016,0
5788,25,0,89,3.7,1,1,2008,1
6504,32,0,88,4.8,3,1,2008,1
2180,3,3,256,2.5,0,0,2001,2
5320,10,1,46,0.8,3,1,2014,0
1837,17,0,89,2.2,0,1,2012,1
1252,3,2,5,2.0,3,1,2014,2
5386,43,2,248,1.9,0,1,2010,0
6509,13,3,57,2.0,3,1,2012,0
6968,30,1,57,1.8,3,1,2014,0
7440,42,3,111,1.6,3,1,2010,0
4858,40,4,300,2.0,3,1,1989,0
8514,23,0,225,3.0,3,1,2003,1
5677,42,3,110,1.6,3,1,2009,0
4045,40,3,181,2.4,3,1,2008,0
4867,28,4,323,2.0,3,1,1994,0
7049,3,2,55,2.0,3,1,2014,2
2226,26,5,185,2.2,0,1,2011,2
3902,2,3,341,2.8,3,1,1992,0
3366,29,3,1,1.3,3,1,1988,0
1919,17,1,1,1.6,0,1,2015,0
6015,21,3,136,2.0,0,1,2008,0
2781,3,0,186,5.0,3,1,2008,1
4938,35,3,198,1.8,3,1,2011,0
984,3,3,200,4.4,3,1,2001,2
1558,3,3,280,3.0,3,1,2001,2
8335,42,3,7,1.2,3,1,1984,2
4014,26,3,230,2.0,3,1,2001,2
5608,3,3,220,2.5,3,1,2005,2
6670,29,4,115,1.7,0,1,2009,0
8809,40,0,157,2.7,1,1,2007,1
4597,40,5,127,3.5,2,1,2007,1
1921,8,5,52,1.6,0,1,2015,0
1682,2,2,182,2.5,0,0,2002,1
6309,43,4,18,1.6,0,1,2011,0
7907,36,2,100,1.0,3,1,2008,2
8364,28,3,110,1.6,3,1,2008,0
4458,33,1,10,1.6,3,1,2014,0
8554,10,3,145,1.5,1,1,1997,0
2732,3,0,85,3.0,3,1,2010,1
5402,28,0,207,3.5,3,1,2006,1
5005,29,2,84,2.0,0,1,2010,0
5620,31,5,240,1.6,0,1,2008,0
2996,25,3,127,1.6,2,1,2005,0
4218,26,3,180,3.0,0,1,2006,1
2745,10,1,26,0.8,3,1,2012,0
3785,27,4,120,1.3,3,1,2005,0
3947,26,3,230,5.0,3,1,2002,2
4711,43,3,57,2.0,0,1,2013,0
2401,26,4,113,2.2,0,1,2010,2
5229,35,3,130,2.0,0,1,2009,0
3061,5,1,76,1.1,3,1,2007,0
4782,43,3,350,2.0,1,1,2000,0
4137,42,1,217,1.5,3,1,2002,0
6132,26,0,64,2.2,0,1,2013,1
289,25,3,89,2.0,3,1,2009,0
8307,35,1,39,1.2,3,1,2014,0
1206,3,3,245,3.0,0,1,2003,2
2579,2,4,171,2.0,0,1,2008,0
2545,28,1,73,1.4,3,1,2013,0
255,17,0,102,2.2,0,1,2008,1
302,26,3,275,2.2,2,1,2005,2
124,43,2,145,2.0,0,1,2011,0
5243,19,3,240,3.0,3,1,2001,1
1327,10,1,80,1.5,3,1,2013,0
2281,10,3,159,1.5,1,1,2004,0
5154,43,5,210,2.0,0,1,2012,0
3605,5,1,95,1.1,3,1,2008,0
7592,35,1,84,1.8,3,1,2006,0
1628,29,3,140,1.6,3,1,1996,0
7588,31,5,117,1.4,0,1,2009,0
5194,13,3,86,1.6,3,1,2011,0
2265,37,0,165,2.7,0,1,2008,1
341,3,3,270,2.5,0,0,1992,2
3563,2,0,27,2.0,3,1,2011,1
4561,26,3,260,2.2,0,1,2008,2
3176,42,3,90,1.6,3,1,2008,0
6745,16,0,111,2.4,3,1,2008,1
4942,33,3,240,1.7,1,1,1988,0
1310,40,3,22,2.5,3,1,2015,0
1923,40,1,1,1.6,3,1,2016,0
2440,6,3,97,2.0,3,1,2010,0
7949,35,3,250,1.8,3,1,2004,0
582,42,3,154,1.6,1,1,2008,0
1548,31,0,90,1.6,0,1,2014,0
7738,12,5,190,1.3,0,1,2005,0
6815,28,0,42,1.6,3,1,2012,1
6090,23,0,54,3.5,1,1,2010,1
418,43,3,140,2.0,3,1,2006,0
2014,26,3,199,3.2,0,1,1999,0
6027,42,1,150,1.5,3,1,2006,0
6824,43,3,88,1.6,3,1,2014,0
7325,23,0,87,4.7,1,1,2007,1
4255,10,1,125,1.5,3,1,2007,0
825,17,0,27,2.0,3,1,2012,1
3226,29,3,332,2.0,1,1,1997,2
327,10,1,36,0.8,3,1,2011,0
3380,33,4,1,1.0,0,0,2006,0
2862,29,3,182,1.8,3,1,2007,0
1660,27,1,240,1.8,3,1,2000,0
326,23,0,150,4.7,1,1,2005,1
216,43,3,80,1.6,3,1,2011,0
7032,19,3,22,2.0,3,1,2015,2
1299,3,3,115,3.0,0,1,2010,2
7367,27,0,89,3.8,1,1,2008,1
7090,26,2,457,5.0,1,1,1996,2
1652,45,3,29,1.3,3,1,2015,0
5181,22,0,47,4.4,0,1,2013,1
5100,26,2,10,2.2,0,1,2012,2
552,43,3,82,2.0,0,1,2012,0
4638,29,4,29,1.6,3,1,1990,0
5602,3,2,110,2.5,3,1,1983,2
7153,33,5,149,1.5,0,1,2013,0
1656,31,0,110,1.6,1,1,2013,0
4489,42,1,122,1.5,2,1,1992,0
6298,40,3,89,1.8,2,1,2011,0
7737,33,5,128,1.5,0,1,2009,2
8139,28,0,79,2.0,1,1,2012,1
8218,40,3,48,1.4,0,1,2013,0
737,43,3,80,1.4,3,1,2013,0
5811,42,3,91,1.6,1,1,2009,0
4693,43,5,250,2.5,0,1,2008,0
7733,30,3,30,1.6,3,1,2014,0
7734,40,0,281,4.2,0,1,1999,1
2523,26,1,232,3.0,0,1,2007,2
8328,42,4,230,1.6,1,1,2007,0
6921,33,1,232,1.8,3,1,1997,0
1576,16,3,142,2.4,3,1,2008,0
3936,15,3,129,1.5,1,1,2008,0
6958,42,3,200,1.5,3,1,2000,2
1288,2,3,234,2.5,2,0,2000,0
2839,29,2,369,2.0,3,1,1991,0
5724,34,4,124,1.2,0,1,2011,0
3253,42,1,77,1.3,3,1,1992,0
6047,21,1,75,1.6,3,1,2012,0
7996,25,3,213,1.8,1,1,1989,0
1629,38,3,230,1.6,3,1,2003,0
249,6,3,199,1.6,1,1,2012,0
7483,29,4,250,2.0,0,0,2000,0
8391,24,1,120,1.6,3,1,2003,0
466,10,3,64,1.4,3,1,2008,0
556,2,0,65,2.99,0,1,2013,1
5892,43,1,266,1.9,0,1,1993,0
7349,30,3,1,1.5,3,1,2014,0
4948,29,5,220,1.3,0,1,2008,0
2439,27,1,294,1.6,1,1,1992,0
1699,35,3,72,1.8,3,1,2014,0
559,33,5,123,1.5,0,1,2009,0
4902,43,3,180,1.9,0,0,2003,0
3786,10,3,85,1.4,3,1,2007,0
3776,35,1,91,1.8,3,1,2011,0
7335,43,2,10,1.6,0,1,1984,2
5725,43,3,102,1.8,3,1,2011,0
4667,3,3,400,2.8,3,1,1998,2
8640,42,3,5,1.6,3,1,2007,2
